"NU_INSCRICAO","NU_IDADE","TP_SEXO","TP_COR_RACA","TP_ESCOLA","CO_UF_RESIDENCIA","SG_UF_PROVA","Q006","Q047","Q049","TP_PRESENCA_CN","TP_PRESENCA_CH","TP_PRESENCA_LC","TP_PRESENCA_MT","TP_STATUS_REDACAO","NU_NOTA_CN","NU_NOTA_CH","NU_NOTA_LC","NU_NOTA_MT","NU_NOTA_REDACAO","NOTA_FINAL_ENEM"
160000405122,20,"F",3,1,35,"SP","C","A","A",1,1,1,1,1,678.4,748.9,656.1,641.9,1000,3725.3
160000408525,24,"F",3,1,31,"MG","C","A","A",1,1,1,1,1,436.2,565.1,552.6,532.1,1000,3086
160008575653,25,"F",1,1,35,"SP","G","D","A",1,1,1,1,1,607.2,677.7,620.8,662.9,1000,3568.6
160001229097,17,"F",3,2,31,"MG","H","A","A",1,1,1,1,1,629.9,730.7,672.3,577.9,1000,3610.8
160001257672,18,"F",1,1,43,"RS","G","A","A",1,1,1,1,1,622.6,634.1,636.8,557.3,1000,3450.8
160001482881,21,"F",3,1,15,"PA","F","A","A",1,1,1,1,1,466.1,497.4,505.6,487,1000,2956.1
160000073825,18,"F",1,1,23,"CE","G","D","A",1,1,1,1,1,703.5,681.9,593.1,787.5,1000,3766
160000085284,17,"M",1,3,51,"MT","I","D","A",1,1,1,1,1,668.9,706.6,633,826.9,1000,3835.4
160000099731,20,"F",3,1,21,"MA","I","D","A",1,1,1,1,1,623.2,707.2,634.9,654.3,1000,3619.6
160001953172,17,"F",1,1,33,"RJ","C","E","A",1,1,1,1,1,642.8,728.4,548.2,746.7,1000,3666.1
160002047401,19,"M",1,1,15,"PA","J","D","A",1,1,1,1,1,676.8,668.8,622,827.6,1000,3795.2
160000013357,18,"M",3,3,24,"RN","E","D","A",1,1,1,1,1,561.6,650.1,516.9,505.9,1000,3234.5
160000033920,20,"M",1,1,35,"SP","I","D","A",1,1,1,1,1,698.5,633.3,590.5,783.7,1000,3706
160000652447,17,"M",1,3,26,"PE","Q","D","A",1,1,1,1,1,721.7,755.3,702.2,877.3,1000,4056.5
160002361635,23,"F",1,1,25,"PB","C","B","A",1,1,1,1,1,629.6,653.5,587.5,512.8,1000,3383.4
160001925888,18,"F",1,3,31,"MG","Q","D","A",1,1,1,1,1,732.5,767.2,651.9,784.6,1000,3936.2
160002165051,20,"F",3,1,35,"SP","D","D","A",1,1,1,1,1,597.7,678.8,631.3,649.1,1000,3556.9
160002169455,18,"M",1,1,41,"PR","B","A","A",1,1,1,1,1,665.7,724.6,647.7,773.6,1000,3811.6
160000645463,17,"M",1,3,23,"CE","Q","D","A",1,1,1,1,1,737.4,705.6,633.6,904.9,1000,3981.5
160000164282,17,"F",3,3,23,"CE","N","D","A",1,1,1,1,1,617.1,677.6,646.2,700.5,1000,3641.4
160002187986,17,"F",1,3,35,"SP","N","D","A",1,1,1,1,1,690.5,660.2,696.7,736.5,1000,3783.9
160002409311,17,"M",3,3,22,"PI","P","D","A",1,1,1,1,1,787.3,752,715.9,983.1,1000,4238.3
160002038705,39,"F",3,1,33,"RJ","B","A","C",1,1,1,1,1,504.7,556.3,619.7,566.3,1000,3247
160000318225,23,"M",1,1,35,"SP","O","D","A",1,1,1,1,1,605.6,683.7,604.5,588.4,1000,3482.2
160000050866,21,"F",1,1,23,"CE","Q","D","A",1,1,1,1,1,679.9,671.8,657.3,833.6,1000,3842.6
160000339409,19,"F",1,1,33,"RJ","N","D","A",1,1,1,1,1,758.2,715.2,654.5,802.8,1000,3930.7
160000195026,16,"F",3,3,52,"GO","P","D","A",1,1,1,1,1,735,782.4,717,851.3,1000,4085.7
160000595924,17,"M",1,3,41,"PR","E","D","A",1,1,1,1,1,659.8,735.2,622.7,710.4,1000,3728.1
160002553012,19,"F",1,1,43,"RS","M","D","A",1,1,1,1,1,753.2,754.2,666.3,813,1000,3986.7
160000253073,17,"F",3,3,23,"CE","H","D","A",1,1,1,1,1,676,733,688.4,787.6,1000,3885
160000057748,19,"F",1,1,43,"RS","F","D","A",1,1,1,1,1,686,687.9,674.4,792.5,1000,3840.8
160002824770,22,"F",1,1,31,"MG","C","A","A",1,1,1,1,1,679.4,716,648.1,644.4,1000,3687.9
160002685198,18,"M",1,3,31,"MG","K","D","A",1,1,1,1,1,775.5,732.4,668.6,883.1,1000,4059.6
160000726150,17,"F",3,3,27,"AL","K","D","A",1,1,1,1,1,686.6,696.2,663.8,869.1,1000,3915.7
160000733865,21,"F",3,1,28,"SE","B","D","A",1,1,1,1,1,774.4,767.4,665.1,935.1,1000,4142
160001019217,17,"M",0,2,23,"CE","B","A","A",1,1,1,1,1,615.1,605.3,613.8,771.3,1000,3605.5
160000858528,20,"F",3,1,29,"BA","Q","D","A",1,1,1,1,1,647.5,647.5,634,798.7,1000,3727.7
160001158937,19,"F",1,1,28,"SE","J","D","A",1,1,1,1,1,699.5,697.6,641.1,655.6,1000,3693.8
160000983641,19,"F",1,1,33,"RJ","Q","D","A",1,1,1,1,1,658.4,691.7,661.2,731.4,1000,3742.7
160001205654,15,"F",1,1,25,"PB","Q","D","A",1,1,1,1,1,686.4,704.8,648.6,785,1000,3824.8
160001352958,17,"F",1,3,52,"GO","Q","D","A",1,1,1,1,1,717.4,710.9,679.3,823.7,1000,3931.3
160001401149,20,"F",3,1,23,"CE","F","E","A",1,1,1,1,1,640.7,671.6,589.1,765,1000,3666.4
160001415102,16,"F",1,1,43,"RS","N","D","A",1,1,1,1,1,610.4,651.7,658,632,1000,3552.1
160001727634,20,"F",3,1,26,"PE","Q","D","A",1,1,1,1,1,700.2,708.6,727.9,841.2,1000,3977.9
160001391455,17,"M",1,2,31,"MG","C","A","A",1,1,1,1,1,580,608.3,536.9,507.6,1000,3232.8
160001580944,20,"F",1,1,31,"MG","J","D","A",1,1,1,1,1,630.8,646.4,636.5,677.6,1000,3591.3
160001615733,19,"M",1,1,23,"CE","G","D","B",1,1,1,1,1,546.1,633,632.1,675.7,1000,3486.9
160001747162,18,"F",1,1,35,"SP","M","E","A",1,1,1,1,1,710.9,686.7,654,845,1000,3896.6
160002160882,17,"F",1,1,33,"RJ","P","D","A",1,1,1,1,1,739.9,734.8,672.7,866.2,1000,4013.6
160001910958,18,"F",1,1,23,"CE","J","D","A",1,1,1,1,1,702.5,701.5,668.2,769.7,1000,3841.9
160003248935,19,"F",3,1,33,"RJ","E","B","A",1,1,1,1,1,619,634.1,592.2,709.2,1000,3554.5
160003397742,18,"M",3,1,15,"PA","F","D","A",1,1,1,1,1,634,663.4,606.6,709,1000,3613
160003431130,20,"M",1,1,35,"SP","O","E","A",1,1,1,1,1,871.3,784.3,712.6,802.3,1000,4170.5
160003130246,19,"M",1,1,33,"RJ","P","D","A",1,1,1,1,1,654.9,653,642.4,748.7,1000,3699
160003377677,18,"M",3,3,53,"DF","Q","D","A",1,1,1,1,1,728.7,735,715.3,805.4,1000,3984.4
160003796718,19,"F",1,1,43,"RS","D","E","A",1,1,1,1,1,624.4,680.8,670.3,490.6,1000,3466.1
160003709727,18,"F",1,1,31,"MG","P","D","A",1,1,1,1,1,595.9,636.5,598.7,605.8,1000,3436.9
160003813967,27,"F",1,1,35,"MT","D","A","A",1,1,1,1,1,602.6,677.6,582.1,516.8,1000,3379.1
160003806385,18,"M",3,2,33,"RJ","N","A","A",1,1,1,1,1,653.1,764.1,702.3,776.1,1000,3895.6
160003550295,19,"M",1,3,33,"RJ","B","E","A",1,1,1,1,1,531.1,652.9,596.6,524.2,1000,3304.8
160003849373,26,"F",0,1,33,"RJ","H","A","A",1,1,1,1,1,727.6,666.3,674.6,638,1000,3706.5
160003981225,19,"M",1,1,31,"MG","Q","D","A",1,1,1,1,1,691.7,635.1,460.8,825.1,1000,3612.7
160004264335,17,"F",1,1,23,"CE","O","D","A",1,1,1,1,1,624,654.7,637.5,705.6,1000,3621.8
160004112975,16,"M",1,1,50,"MS","J","D","A",1,1,1,1,1,599.5,666.9,603.5,757.3,1000,3627.2
160004109451,22,"F",1,1,22,"PI","I","D","A",1,1,1,1,1,684.5,678.5,620.6,668.5,1000,3652.1
160004332967,21,"M",3,1,27,"AL","J","B","A",1,1,1,1,1,798.9,768.3,690.1,936.9,1000,4194.2
160004407318,17,"F",3,3,51,"MT","H","E","A",1,1,1,1,1,679.1,782.2,668.1,674.6,1000,3804
160004393880,25,"F",1,1,35,"SP","H","D","A",1,1,1,1,1,613.7,600.3,625,540.3,1000,3379.3
160004324470,17,"M",3,1,29,"PI","H","D","A",1,1,1,1,1,744.9,698.7,660.9,788.2,1000,3892.7
160004012212,20,"M",2,1,35,"SP","C","D","A",1,1,1,1,1,621.2,669.4,624.3,479.4,1000,3394.3
160004627486,21,"F",2,1,31,"MG","K","D","A",1,1,1,1,1,705,700.7,637.5,738.4,1000,3781.6
160004752857,22,"F",1,1,35,"SP","I","A","A",1,1,1,1,1,589.5,568.8,601.1,542.2,1000,3301.6
160004804336,20,"F",3,1,33,"RJ","P","D","A",1,1,1,1,1,755.7,839.2,715.7,936.5,1000,4247.1
160006840674,17,"M",1,3,35,"SP","Q","D","A",1,1,1,1,1,600.9,652.5,613.8,674.3,1000,3541.5
160006903273,24,"M",3,1,33,"RJ","F","A","A",1,1,1,1,1,504.3,722.3,676,467.3,1000,3369.9
160007586379,34,"M",1,1,26,"PE","E","E","B",1,1,1,1,1,585.6,749.4,736,613.7,1000,3684.7
160000000007,19,"F",1,1,23,"CE","J","D","A",1,1,1,1,1,734.3,698.1,650.4,798.7,980,3861.5
160000424154,19,"M",3,1,25,"PB","J","D","A",1,1,1,1,1,727.2,695.2,666.5,797.9,980,3866.8
160000437667,37,"M",2,1,31,"MG","G","B","C",1,1,1,1,1,617,668.3,605.9,566.4,980,3437.6
160000427578,18,"F",1,3,33,"RJ","H","D","A",1,1,1,1,1,625.2,610.9,584.7,748.4,980,3549.2
160000401927,26,"M",1,1,31,"MG","I","E","C",1,1,1,1,1,688.6,702.7,645.2,697.4,980,3713.9
160000408134,18,"F",0,1,31,"MG","G","A","A",1,1,1,1,1,578.9,653.6,660.6,583.8,980,3456.9
160000424351,17,"F",1,3,28,"SE","Q","D","A",1,1,1,1,1,771.1,725.1,691.3,941.2,980,4108.7
160000431159,17,"F",1,3,33,"RJ","B","E","A",1,1,1,1,1,608.9,652,643.4,582.4,980,3466.7
160008545982,17,"F",3,3,23,"CE","N","D","A",1,1,1,1,1,640.8,710.9,604.4,634.7,980,3570.8
160000411284,18,"F",3,1,23,"CE","D","A","A",1,1,1,1,1,577.6,598.2,583.7,620.6,980,3360.1
160000417819,29,"F",3,1,31,"MG","J","D","A",1,1,1,1,1,503.1,663.3,624.4,589.5,980,3360.3
160008611570,27,"F",3,1,26,"PE","G","E","A",1,1,1,1,1,584,663.1,689,474.7,980,3390.8
160000398808,21,"M",1,1,31,"MG","C","A","A",1,1,1,1,1,753.8,699.1,625.2,794.4,980,3852.5
160000417899,19,"F",0,1,26,"PE","J","D","A",1,1,1,1,1,689.2,666.5,620.1,704.3,980,3660.1
160008498311,19,"M",2,1,33,"RJ","H","D","B",1,1,1,1,1,716.8,717.4,610.8,754.2,980,3779.2
160000431621,20,"F",3,1,24,"RN","I","A","A",1,1,1,1,1,551.2,578.5,474.7,643.8,980,3228.2
160000434973,18,"F",3,1,33,"RJ","O","A","A",1,1,1,1,1,667.9,659,693.9,878.7,980,3879.5
160000435031,28,"F",2,1,31,"MT","C","A","A",1,1,1,1,1,645.2,661.8,623.8,764.1,980,3674.9
160000405754,18,"M",3,1,31,"MG","M","A","A",1,1,1,1,1,672.5,696.4,621.9,681.7,980,3652.5
160000418172,17,"F",1,3,33,"RJ","M","D","A",1,1,1,1,1,767.7,771,693.8,843.2,980,4055.7
160000402800,17,"F",3,3,21,"MA","J","D","B",1,1,1,1,1,652,736.4,640.3,783.7,980,3792.4
160000399406,19,"M",3,1,35,"SP","G","C","B",1,1,1,1,1,784,741.9,658.5,857.8,980,4022.2
160000402814,19,"M",1,1,26,"PE","O","D","A",1,1,1,1,1,720.7,719.8,654.6,772.6,980,3847.7
160000399452,20,"F",1,1,35,"SP","J","D","A",1,1,1,1,1,765.2,724.5,722.5,809.1,980,4001.3
160000411881,19,"F",1,1,52,"GO","H","D","A",1,1,1,1,1,753,705.6,672.9,825.2,980,3936.7
160008414259,17,"F",1,3,31,"MG","O","D","A",1,1,1,1,1,710.3,721.2,680.2,824.6,980,3916.3
160000402919,18,"M",1,1,52,"GO","D","A","A",1,1,1,1,1,691.4,718.7,660.4,781.1,980,3831.6
160000399655,20,"F",1,1,35,"SP","J","D","A",1,1,1,1,1,736.1,728.6,674.5,821.5,980,3940.7
160000412093,17,"M",3,3,26,"PE","J","D","A",1,1,1,1,1,636.2,683.2,683.3,794.6,980,3777.3
160000396389,19,"F",3,1,23,"CE","C","A","A",1,1,1,1,1,469.7,623.6,456.1,500.9,980,3030.3
160008484620,18,"M",2,1,33,"RJ","J","A","B",1,1,1,1,1,771.3,690.7,677.8,825.1,980,3944.9
160000439210,17,"F",0,3,15,"PA","Q","D","A",1,1,1,1,1,741.8,741.4,715.5,806,980,3984.7
160000250013,20,"F",2,1,53,"DF","P","D","A",1,1,1,1,1,689.5,705.1,651.8,743.8,980,3770.2
160000259573,18,"F",3,1,35,"SP","E","A","A",1,1,1,1,1,548.1,656.9,658.6,598.6,980,3442.2
160000285634,21,"F",1,1,17,"TO","C","A","A",1,1,1,1,1,499.1,677.1,604.8,399,980,3160
160000240690,21,"F",1,1,41,"PR","C","D","A",1,1,1,1,1,693.4,676.9,662.9,797.1,980,3810.3
160000243958,19,"F",1,1,31,"MG","G","D","A",1,1,1,1,1,626.9,720.5,641.3,647.9,980,3616.6
160000250335,18,"F",3,3,26,"PE","J","D","A",1,1,1,1,1,626.5,637.7,592.7,725.2,980,3562.1
160000240955,18,"M",4,1,51,"MT","Q","D","A",1,1,1,1,1,729.4,707.1,661,914,980,3991.5
160000279491,22,"F",1,1,23,"CE","J","A","A",1,1,1,1,1,586.5,681.6,659.2,671.6,980,3578.9
160000250689,18,"M",0,3,35,"SP","C","E","A",1,1,1,1,1,790.2,789.3,706.6,905.2,980,4171.3
160000286438,22,"F",3,1,29,"BA","C","A","A",1,1,1,1,1,450.9,573.9,560.7,512.1,980,3077.6
160000260507,16,"M",3,3,26,"PE","M","D","A",1,1,1,1,1,639.8,662.1,676.2,806.9,980,3765
160000276739,19,"M",1,1,35,"SP","C","A","B",1,1,1,1,1,670.7,613.3,597.1,744.1,980,3605.2
160000241640,26,"F",1,1,52,"GO","D","A","A",1,1,1,1,1,614.1,700.8,616.6,590.1,980,3501.6
160000263922,18,"F",1,1,26,"PE","P","D","A",1,1,1,1,1,687.6,680.3,619.2,719.1,980,3686.2
160000280159,22,"F",3,1,32,"ES","G","A","A",1,1,1,1,1,539.3,688.5,658,489.2,980,3355
160000382887,19,"F",3,1,24,"RN","K","D","A",1,1,1,1,1,631.4,660,678.6,752.5,980,3702.5
160000390545,19,"M",3,3,31,"MG","F","E","A",1,1,1,1,1,579.2,642.2,600.9,702.5,980,3504.8
160000377990,25,"M",3,1,23,"CE","B","B","B",1,1,1,1,1,712.6,715.9,678.1,925.5,980,4012.1
160000378080,21,"M",2,1,26,"PE","O","B","A",1,1,1,1,1,656.4,747.1,627.9,648.7,980,3660.1
160000380581,19,"F",1,1,52,"GO","I","A","A",1,1,1,1,1,611,599.3,590.1,561.3,980,3341.7
160000358360,20,"F",1,1,51,"MT","O","D","A",1,1,1,1,1,745.7,711.4,658.3,832.4,980,3927.8
160000359078,17,"F",1,1,42,"SC","Q","D","A",1,1,1,1,1,736.9,774.7,649.2,714.6,980,3855.4
160000380898,29,"M",2,1,50,"MS","O","D","A",1,1,1,1,1,649.4,711.7,708.5,698.4,980,3748
160000388393,18,"F",3,1,25,"PB","B","A","A",1,1,1,1,1,585.1,630.7,623.1,784.1,980,3603
160000371283,17,"M",3,1,25,"PB","E","A","A",1,1,1,1,1,591.7,670.1,597.8,643.5,980,3483.1
160000356774,20,"F",3,1,23,"CE","B","E","A",1,1,1,1,1,707.5,768.7,573.7,793,980,3822.9
160000371487,18,"M",1,1,35,"SP","K","D","A",1,1,1,1,1,761.1,697.7,645.7,857.8,980,3942.3
160000373879,18,"F",1,3,21,"MA","P","D","B",1,1,1,1,1,657.2,743.3,655.8,692.6,980,3728.9
160000391179,20,"F",1,1,35,"SP","I","A","C",1,1,1,1,1,676.7,631.8,501.2,678.2,980,3467.9
160000376372,19,"F",1,1,35,"SP","I","A","A",1,1,1,1,1,704.7,684.8,623.2,803.2,980,3795.9
160000357039,18,"F",1,1,35,"SP","D","A","A",1,1,1,1,1,590.4,647.8,643.5,473.7,980,3335.4
160000388765,16,"F",3,1,22,"PI","K","D","A",1,1,1,1,1,645.5,657.4,667.5,645.5,980,3595.9
160000357140,23,"M",2,1,52,"GO","C","A","B",1,1,1,1,1,634,639.8,645.3,638.4,980,3537.5
160000359578,17,"F",1,3,31,"MG","E","D","A",1,1,1,1,1,662.9,635.2,669.1,668,980,3615.2
160000369220,17,"M",1,3,23,"CE","N","E","A",1,1,1,1,1,862.4,721.8,685.9,935.6,980,4185.7
160008514856,17,"F",1,3,35,"SP","K","D","A",1,1,1,1,1,713.4,717,713.7,779.1,980,3903.2
160000388825,18,"F",1,3,21,"MA","H","D","A",1,1,1,1,1,685.3,682.6,693.2,861.1,980,3902.2
160008493051,23,"F",1,1,31,"MG","J","D","A",1,1,1,1,1,614.5,692.1,695.7,608.3,980,3590.6
160000381407,19,"F",3,1,33,"RJ","D","A","A",1,1,1,1,1,600.2,649,638.9,443.6,980,3311.7
160000366954,18,"F",3,1,27,"AL","G","D","A",1,1,1,1,1,646.7,668.3,627.2,680.5,980,3602.7
160000357338,19,"F",3,1,29,"BA","B","A","A",1,1,1,1,1,693.2,697.3,654.3,792.8,980,3817.6
160000371831,18,"F",1,1,33,"RJ","D","D","A",1,1,1,1,1,684.6,666,633.8,818.5,980,3782.9
160000374294,21,"F",1,1,33,"RJ","D","D","A",1,1,1,1,1,470.3,619.7,595.2,546.5,980,3211.7
160000386643,24,"F",1,1,35,"SP","G","B","A",1,1,1,1,1,619.2,654.5,591.2,730.1,980,3575
160000379228,19,"F",3,1,25,"PB","H","D","A",1,1,1,1,1,620.7,608.4,626,678.7,980,3513.8
160000371997,20,"F",1,1,35,"SP","M","D","A",1,1,1,1,1,651.3,760.5,667,561.3,980,3620.1
160000379457,17,"F",1,3,33,"RJ","O","D","A",1,1,1,1,1,557.4,687,621.2,693.6,980,3539.2
160000391935,29,"M",3,1,51,"MT","M","A","A",1,1,1,1,1,718.4,738.2,683.3,801,980,3920.9
160008583854,19,"F",3,1,43,"RS","F","A","A",1,1,1,1,1,705.6,692.7,672.9,828.5,980,3879.7
160000357873,19,"M",1,1,41,"PR","G","A","A",1,1,1,1,1,631.4,651.8,632.2,635.1,980,3530.5
160000379670,18,"F",3,1,33,"RJ","F","A","A",1,1,1,1,1,439.3,510.4,476.2,441.4,980,2847.3
160000360394,20,"M",2,1,50,"MS","N","D","A",1,1,1,1,1,684.4,732,699.5,730.9,980,3826.8
160000360435,17,"F",1,3,26,"PE","Q","D","A",1,1,1,1,1,709.4,689.8,683.3,767.5,980,3830
160000370110,17,"F",1,3,23,"CE","N","D","A",1,1,1,1,1,749.2,741.8,669.6,959,980,4099.6
160000374928,15,"F",3,1,23,"CE","C","E","A",1,1,1,1,1,652.7,704.8,628.4,626.3,980,3592.2
160000387689,21,"M",1,1,35,"SP","G","A","B",1,1,1,1,1,703.4,665.5,663.3,820.3,980,3832.5
160000390217,23,"F",1,1,33,"RJ","N","D","A",1,1,1,1,1,716.3,745.5,724.7,833.3,980,3999.8
160000358487,21,"F",3,1,11,"RO","B","C","A",1,1,1,1,1,588.3,582.8,600.9,631.9,980,3383.9
160000360955,18,"F",1,1,52,"GO","P","D","A",1,1,1,1,1,632.4,678.7,645,616.4,980,3552.5
160000573960,17,"F",3,3,29,"BA","F","D","A",1,1,1,1,1,634.8,673.4,623.5,672.1,980,3583.8
160000568751,17,"F",1,1,33,"RJ","O","B","A",1,1,1,1,1,675.8,699.4,670.1,686.2,980,3711.5
160000568767,19,"F",2,1,33,"RJ","B","A","A",1,1,1,1,1,542.6,611.5,596.3,537.3,980,3267.7
160000576978,19,"F",1,1,29,"BA","C","D","A",1,1,1,1,1,689.4,751.4,675.9,704.3,980,3801
160008502598,18,"M",1,1,32,"ES","P","D","A",1,1,1,1,1,732.3,764.6,697.6,878.3,980,4052.8
160008529180,17,"F",1,1,26,"PE","I","D","A",1,1,1,1,1,665.8,639.8,624.8,751,980,3661.4
160000543467,26,"M",2,1,35,"TO","C","A","A",1,1,1,1,1,610.1,684.3,401.1,630.1,980,3305.6
160000546133,18,"F",1,1,35,"SP","D","A","B",1,1,1,1,1,589.1,611.9,612.2,655.3,980,3448.5
160000551382,19,"M",1,1,26,"PE","E","A","A",1,1,1,1,1,698.5,717.4,620.2,800,980,3816.1
160000580584,17,"F",1,3,35,"SP","G","D","A",1,1,1,1,1,650.6,654.4,613.2,738.5,980,3636.7
160008452495,18,"M",3,1,52,"GO","C","A","A",1,1,1,1,1,727.9,746.3,611.8,706,980,3772
160000564860,17,"F",1,3,25,"PB","Q","D","A",1,1,1,1,1,674.6,617,653.1,689.3,980,3614
160000542038,23,"F",3,1,23,"CE","B","A","B",1,1,1,1,1,452.3,627.4,598.3,490.9,980,3148.9
160000575749,21,"F",1,1,26,"PE","G","D","A",1,1,1,1,1,512.8,562.1,587.3,456.7,980,3098.9
160000554903,20,"F",2,1,35,"SP","D","A","B",1,1,1,1,1,566.3,600.9,645.6,470.2,980,3263
160000562717,19,"F",1,1,26,"PE","H","D","A",1,1,1,1,1,676.4,690.1,602,778.4,980,3726.9
160000581256,19,"F",3,1,52,"GO","O","D","A",1,1,1,1,1,664.6,732.8,655.6,682.8,980,3715.8
160000562880,19,"F",0,1,41,"PR","G","C","A",1,1,1,1,1,525.5,560.2,434.6,687.2,980,3187.5
160000581426,18,"F",1,3,35,"SP","P","D","A",1,1,1,1,1,636.2,714,677.3,769.4,980,3776.9
160000576237,30,"F",0,1,35,"SP","C","B","A",1,1,1,1,1,677,733.3,652.4,759.6,980,3802.3
160000563154,17,"F",1,3,28,"SE","H","D","B",1,1,1,1,1,614.5,642.5,575.7,723.7,980,3536.4
160000547849,17,"F",3,1,17,"TO","J","A","A",1,1,1,1,1,516.4,641.9,588,601.9,980,3328.2
160000558027,19,"M",3,1,51,"MT","E","A","A",1,1,1,1,1,701.8,655.8,633.1,799.3,980,3770
160000552993,17,"F",1,3,35,"SP","H","D","A",1,1,1,1,1,616.5,604.4,609,663.1,980,3473
160000555561,21,"F",3,1,31,"MG","I","A","A",1,1,1,1,1,616.6,648.3,607,726.3,980,3578.2
160000517216,18,"F",1,1,35,"SP","D","A","A",1,1,1,1,1,541,588.6,561.3,623.1,980,3294
160000512902,19,"F",1,1,33,"RJ","O","E","A",1,1,1,1,1,623.8,674.1,641.3,712.5,980,3631.7
160000526310,18,"F",1,1,22,"PI","H","D","A",1,1,1,1,1,615.7,695.6,621.2,727.9,980,3640.4
160000519618,23,"F",1,1,31,"MG","M","D","A",1,1,1,1,1,681.7,686.2,635.7,742.5,980,3726.1
160000507224,17,"F",0,3,32,"ES","M","D","B",1,1,1,1,1,708.5,763.2,663.2,776.4,980,3891.3
160000509552,17,"F",3,1,24,"RN","B","E","A",1,1,1,1,1,691.9,716.5,667.5,812.3,980,3868.2
160000528752,18,"M",1,3,33,"RJ","A","D","A",1,1,1,1,1,648.5,654.3,588.7,803.7,980,3675.2
160000526716,21,"F",3,1,29,"BA","F","C","A",1,1,1,1,1,578.8,634.2,619.4,621.7,980,3434.1
160008515830,21,"M",3,1,33,"RJ","I","D","A",1,1,1,1,1,635.2,685,681.3,684.8,980,3666.3
160000520254,20,"M",2,1,24,"RN","G","A","A",1,1,1,1,1,623.1,626.2,593.9,737.7,980,3560.9
160000531336,23,"F",3,1,26,"PE","G","A","A",1,1,1,1,1,729.1,668.7,651.9,749.2,980,3778.9
160000513796,19,"F",1,1,26,"PE","D","E","A",1,1,1,1,1,681.7,671.6,663.5,734.8,980,3731.6
160000526927,25,"M",2,1,26,"PE","A","D","A",1,1,1,1,1,571.6,684.6,642.7,505.8,980,3384.7
160000522569,18,"F",1,1,29,"BA","H","D","A",1,1,1,1,1,659.4,668.9,615.9,665.6,980,3589.8
160000524940,25,"F",2,1,31,"MG","E","A","A",1,1,1,1,1,611.5,667.7,636.3,605.4,980,3500.9
160000510351,36,"M",3,1,26,"PE","D","B","A",1,1,1,1,1,651.3,682.1,564.2,598.3,980,3475.9
160000531860,20,"M",1,1,41,"PR","J","D","A",1,1,1,1,1,693.9,775.1,647.1,686.4,980,3782.5
160000531880,19,"F",3,1,13,"AM","C","A","A",1,1,1,1,1,570.6,623.2,588.3,583.6,980,3345.7
160000534208,18,"M",1,2,14,"RR","E","A","A",1,1,1,1,1,747.4,751.6,644.4,823.3,980,3946.7
160000691835,27,"F",0,1,52,"GO","D","A","A",1,1,1,1,1,629.9,649.4,651,686.3,980,3596.6
160000797847,39,"F",3,1,53,"DF","I","D","A",1,1,1,1,1,638.6,694.3,704.9,756.1,980,3773.9
160000801449,21,"F",3,1,27,"AL","N","D","A",1,1,1,1,1,612.6,689.2,659.8,727.1,980,3668.7
160000924692,19,"F",1,1,15,"PA","C","E","A",1,1,1,1,1,599.6,688,613.2,669,980,3549.8
160001083499,29,"F",3,1,32,"ES","O","D","A",1,1,1,1,1,703.2,726,627,736.3,980,3772.5
160001085393,19,"F",4,1,33,"RJ","G","D","A",1,1,1,1,1,653.5,619.6,628,773.7,980,3654.8
160001097614,18,"F",1,1,35,"SP","N","D","A",1,1,1,1,1,670.6,677.8,593.6,728.2,980,3650.2
160000739594,21,"M",1,1,43,"RS","J","B","A",1,1,1,1,1,718.6,727.7,649.9,823.9,980,3900.1
160000700229,19,"F",3,1,33,"RJ","N","D","A",1,1,1,1,1,462.7,557.5,426.8,647,980,3074
160000700353,18,"F",5,3,29,"BA","H","D","A",1,1,1,1,1,625.8,671.9,627.6,722.1,980,3627.4
160008612514,19,"M",2,1,50,"MS","O","D","A",1,1,1,1,1,724.9,736,683.1,871.8,980,3995.8
160000858865,19,"M",3,3,23,"CE","I","D","A",1,1,1,1,1,599.1,660.2,642.5,516.6,980,3398.4
160000877037,17,"F",1,3,31,"MG","O","D","A",1,1,1,1,1,719.6,712.1,705.5,876.6,980,3993.8
160000862902,17,"F",1,3,31,"MG","H","D","A",1,1,1,1,1,674.6,630.8,635.4,757.7,980,3678.5
160000877858,25,"M",3,1,15,"PA","D","A","B",1,1,1,1,1,643.2,637,624.5,742.9,980,3627.6
160000889064,18,"M",1,1,31,"MG","G","A","A",1,1,1,1,1,656.6,683.8,637.3,818.9,980,3776.6
160000850310,18,"F",3,1,29,"BA","E","C","A",1,1,1,1,1,540.4,590.8,577.6,577.1,980,3265.9
160000870709,16,"F",3,3,29,"BA","G","D","A",1,1,1,1,1,587.6,610.3,578.8,663.4,980,3420.1
160001131198,20,"F",1,1,31,"MG","J","D","A",1,1,1,1,1,675.2,678,651.8,805.1,980,3790.1
160001109744,17,"F",1,2,33,"RJ","C","A","A",1,1,1,1,1,588.6,644.5,587.4,666.4,980,3466.9
160001102716,20,"F",1,1,35,"SP","D","A","C",1,1,1,1,1,646.2,735.1,630,712.3,980,3703.6
160001117171,17,"F",1,2,43,"RS","C","A","A",1,1,1,1,1,545.8,618.2,593.9,557.9,980,3295.8
160001124676,19,"F",3,1,23,"CE","B","A","A",1,1,1,1,1,583.8,673.5,616,616.7,980,3470
160001106975,17,"F",1,3,27,"AL","Q","D","A",1,1,1,1,1,660.6,643.9,689.8,789.9,980,3764.2
160001107134,18,"F",1,3,31,"MG","Q","D","A",1,1,1,1,1,717,654.8,706.5,839.2,980,3897.5
160001110697,19,"F",1,1,31,"MG","I","D","A",1,1,1,1,1,563.8,635.1,528.7,510,980,3217.6
160008622659,19,"F",1,1,26,"PE","C","E","A",1,1,1,1,1,675.6,643.8,620.9,696,980,3616.3
160001108055,19,"M",1,1,31,"SP","D","A","A",1,1,1,1,1,592.8,627.7,621,444.6,980,3266.1
160001140439,19,"F",1,1,27,"AL","M","D","A",1,1,1,1,1,719.8,672.5,691.4,941.4,980,4005.1
160001105977,21,"M",1,1,42,"SC","C","A","A",1,1,1,1,1,605.3,680.8,619.1,810.6,980,3695.8
160001113190,17,"F",1,3,42,"SC","Q","D","A",1,1,1,1,1,726,707.6,697.9,841.8,980,3953.3
160001127872,17,"M",1,3,41,"PR","H","D","A",1,1,1,1,1,612.8,739.8,666.6,658.2,980,3657.4
160001117424,22,"M",3,1,23,"CE","G","A","B",1,1,1,1,1,701,641.7,617.7,791.9,980,3732.3
160001121133,17,"F",1,3,26,"PE","F","D","A",1,1,1,1,1,685.4,704.6,635,864,980,3869
160001128561,18,"F",1,3,33,"RJ","C","D","A",1,1,1,1,1,626.2,681.6,647.4,660.3,980,3595.5
160001126350,20,"F",1,1,43,"RS","E","A","A",1,1,1,1,1,606.2,648.5,581.9,740.8,980,3557.4
160001105253,17,"F",3,3,43,"RS","O","D","A",1,1,1,1,1,714.1,779.8,672.7,825.1,980,3971.7
160001139571,18,"M",1,1,31,"MG","P","D","A",1,1,1,1,1,653.7,690.7,622,848.7,980,3795.1
160000932242,20,"F",4,1,31,"MG","G","A","A",1,1,1,1,1,646,608.4,596.6,670.8,980,3501.8
160000959061,18,"F",1,1,33,"RJ","F","D","A",1,1,1,1,1,612.2,592,590.1,647.7,980,3422
160000926714,18,"M",1,3,23,"CE","G","D","A",1,1,1,1,1,773.1,720,663.9,870.4,980,4007.4
160000905475,17,"M",1,3,23,"CE","Q","D","A",1,1,1,1,1,661.8,666.3,640,815.9,980,3764
160000952331,19,"F",3,1,32,"ES","F","A","A",1,1,1,1,1,659.1,611.4,563.5,696.1,980,3510.1
160000959827,17,"M",3,3,28,"SE","D","E","A",1,1,1,1,1,617.4,641.6,539.2,717.4,980,3495.6
160000959549,18,"F",3,1,31,"MG","L","D","A",1,1,1,1,1,591.1,711.1,625.9,638.9,980,3547
160008476199,18,"M",1,1,32,"ES","J","A","A",1,1,1,1,1,663.7,687.1,617.6,691.6,980,3640
160000909448,20,"F",1,1,35,"SP","G","E","A",1,1,1,1,1,578.7,597.6,534.1,478.2,980,3168.6
160001432906,24,"F",1,1,50,"MS","H","A","A",1,1,1,1,1,726.7,656.2,614.4,840,980,3817.3
160001458367,19,"M",1,1,31,"MG","L","D","B",1,1,1,1,1,734.8,788.3,586.8,821.3,980,3911.2
160001461963,17,"F",1,3,35,"SP","Q","D","A",1,1,1,1,1,643.7,632.2,644.7,663.8,980,3564.4
160000913240,23,"M",1,1,51,"MT","E","D","A",1,1,1,1,1,654.5,682.3,624.6,791.4,980,3732.8
160000924017,18,"M",3,1,29,"BA","I","D","A",1,1,1,1,1,654.8,699.7,704.3,676.5,980,3715.3
160000942062,17,"F",1,3,31,"MG","O","D","A",1,1,1,1,1,667.9,651.6,609.8,716.4,980,3625.7
160000903659,18,"F",1,1,33,"RJ","J","D","A",1,1,1,1,1,561.2,630.1,614.9,557.6,980,3343.8
160001472420,20,"F",3,1,24,"RN","D","A","A",1,1,1,1,1,674.3,615.7,505,484.6,980,3259.6
160001468840,18,"F",1,3,31,"MG","Q","D","A",1,1,1,1,1,757.3,771.3,654.3,861.1,980,4024
160001429535,20,"F",3,1,33,"RJ","L","A","A",1,1,1,1,1,644.5,797.2,694,646,980,3761.7
160001201155,18,"F",1,1,15,"PA","Q","B","A",1,1,1,1,1,649.4,728.5,642.4,760.8,980,3761.1
160001233732,17,"F",3,3,15,"PA","G","D","A",1,1,1,1,1,626.8,672.9,708.8,544.4,980,3532.9
160000932592,16,"F",1,1,21,"MA","F","D","A",1,1,1,1,1,456.4,624.3,615.1,548.4,980,3224.2
160000943582,16,"F",2,1,31,"MG","E","A","A",1,1,1,1,1,624.3,652.1,619.4,668,980,3543.8
160000922092,24,"M",3,1,13,"AM","I","E","A",1,1,1,1,1,734.3,659.3,665.1,772.7,980,3811.4
160000936650,21,"M",2,1,52,"GO","B","E","B",1,1,1,1,1,532.4,574.7,502.5,617.3,980,3206.9
160000940245,17,"F",1,3,29,"BA","I","D","A",1,1,1,1,1,658.1,584.3,635.4,750,980,3607.8
160000958285,18,"F",1,1,41,"PR","I","D","A",1,1,1,1,1,649.2,696.1,654,762.9,980,3742.2
160000936733,20,"M",1,1,31,"MG","B","A","A",1,1,1,1,1,727.2,710.7,602.6,796.5,980,3817
160001364129,26,"M",0,1,25,"PB","C","E","A",1,1,1,1,1,540.8,679.6,674.9,421.1,980,3296.4
160001367761,17,"F",1,3,35,"SP","N","D","A",1,1,1,1,1,670.4,701.7,675.1,860.3,980,3887.5
160001378392,17,"F",1,3,23,"CE","C","D","A",1,1,1,1,1,418.6,608.6,460.3,604.3,980,3071.8
160001396309,19,"M",1,1,26,"PE","H","D","A",1,1,1,1,1,543,591.6,573.9,565.8,980,3254.3
160001433483,18,"F",1,1,33,"RJ","O","D","A",1,1,1,1,1,690.6,699.4,672.1,757.5,980,3799.6
160001444250,18,"F",1,3,31,"MG","H","D","A",1,1,1,1,1,609.5,589.1,600.9,562.1,980,3341.6
160001426403,17,"M",1,3,32,"ES","L","D","A",1,1,1,1,1,688.2,683.7,707.4,865.2,980,3924.5
160001162244,23,"F",1,1,33,"RJ","N","B","A",1,1,1,1,1,576.3,614.2,541.1,478.1,980,3189.7
160000933373,18,"F",1,3,31,"MG","Q","D","A",1,1,1,1,1,662.2,712.1,676.3,836.4,980,3867
160000933429,18,"F",3,1,31,"MG","H","A","A",1,1,1,1,1,598.5,634.7,597.6,552.4,980,3363.2
160000922781,18,"F",3,1,26,"PE","K","D","A",1,1,1,1,1,669.1,715.8,679.9,725.7,980,3770.5
160000917636,18,"F",1,1,32,"ES","Q","D","A",1,1,1,1,1,708.6,692.9,649.2,786,980,3816.7
160001181089,23,"M",1,1,33,"RJ","K","A","B",1,1,1,1,1,607.7,693.9,656.4,689.9,980,3627.9
160001134388,18,"F",1,3,26,"PE","N","D","A",1,1,1,1,1,630.6,747.4,672,648.7,980,3678.7
160001183792,19,"F",1,1,31,"MG","C","A","B",1,1,1,1,1,688.1,694.1,631.7,748.2,980,3742.1
160001296104,17,"F",0,3,31,"MG","D","D","A",1,1,1,1,1,678.2,669.5,670.2,607.2,980,3605.1
160001423074,19,"M",3,1,31,"MG","G","E","A",1,1,1,1,1,656.5,697.7,604.1,734.9,980,3673.2
160001419505,19,"F",1,1,43,"RS","A","A","A",1,1,1,1,1,662.3,710.8,682,767.7,980,3802.8
160001462489,17,"M",2,3,51,"MT","F","D","A",1,1,1,1,1,625.1,656.4,566.6,775.3,980,3603.4
160001462523,18,"M",1,3,31,"MG","J","D","A",1,1,1,1,1,684.5,705.7,670.6,788.7,980,3829.5
160001145217,17,"M",1,3,33,"RJ","Q","D","A",1,1,1,1,1,635.2,688.1,659.1,786.4,980,3748.8
160001152395,21,"F",3,1,23,"CE","K","D","A",1,1,1,1,1,680.7,692,624.6,755.8,980,3733.1
160001148839,23,"M",3,1,12,"CE","C","B","B",1,1,1,1,1,732.4,722.1,625.6,724.4,980,3784.5
160000368515,18,"F",3,1,29,"BA","I","D","A",1,1,1,1,1,685.4,756.9,664.8,534.4,980,3621.5
160000368566,19,"F",1,1,43,"RS","K","A","A",1,1,1,1,1,491.9,602.8,603.1,700.8,980,3378.6
160000371027,17,"F",1,3,32,"ES","C","E","A",1,1,1,1,1,634.3,661.9,610,692.2,980,3578.4
160000132473,18,"M",1,3,31,"MG","J","D","A",1,1,1,1,1,748.7,699.3,675.8,909,980,4012.8
160000112397,17,"F",1,2,35,"SP","D","A","A",1,1,1,1,1,518.9,629.1,630.8,655.1,980,3413.9
160000125855,17,"F",3,3,23,"CE","I","E","A",1,1,1,1,1,771.1,783.3,678.6,844.8,980,4057.8
160008610466,27,"F",3,1,31,"MG","G","A","A",1,1,1,1,1,710.9,714.8,653.4,833.3,980,3892.4
160000108060,18,"F",3,1,53,"DF","G","A","A",1,1,1,1,1,587.6,633.9,641.7,580.3,980,3423.5
160000108098,19,"F",1,1,33,"RJ","C","E","A",1,1,1,1,1,631.4,656.2,657.1,667.5,980,3592.2
160000117228,17,"F",4,3,35,"SP","D","E","A",1,1,1,1,1,625,657.3,601.1,657.4,980,3520.8
160000117264,18,"F",3,1,32,"ES","M","D","A",1,1,1,1,1,691.6,652,678,805.9,980,3807.5
160000121788,18,"F",1,1,26,"PE","B","D","A",1,1,1,1,1,603.8,618.3,565.6,687.2,980,3454.9
160000115064,17,"M",3,3,31,"MG","O","D","A",1,1,1,1,1,699.1,699.7,683.9,833,980,3895.7
160000113091,19,"F",3,1,31,"MG","K","A","A",1,1,1,1,1,639.4,716.9,666.3,637.7,980,3640.3
160000113358,17,"F",1,3,31,"MG","O","D","A",1,1,1,1,1,712.4,685.1,706.5,849.9,980,3933.9
160000113466,19,"F",1,1,52,"GO","D","E","A",1,1,1,1,1,632.5,660.7,629.6,652.8,980,3555.6
160000126972,20,"M",1,1,43,"RS","J","D","A",1,1,1,1,1,708.7,690.6,643,749,980,3771.3
160000122517,18,"F",1,1,25,"PB","B","D","A",1,1,1,1,1,654.2,644.7,609.7,682.1,980,3570.7
160000136042,17,"F",1,2,41,"PR","H","A","A",1,1,1,1,1,599.7,704.2,670.2,630.6,980,3584.7
160000129350,17,"M",1,3,35,"SP","Q","E","A",1,1,1,1,1,685.6,710,636.3,555.7,980,3567.6
160000124946,18,"M",3,3,27,"AL","H","D","A",1,1,1,1,1,733.5,680.1,684.6,805.4,980,3883.6
160000140748,17,"F",3,2,26,"PE","N","A","A",1,1,1,1,1,731.3,774.4,701.1,808.5,980,3995.3
160000106994,18,"F",1,2,26,"PE","A","A","A",1,1,1,1,1,653.8,601.2,647.3,838.5,980,3720.8
160000111760,19,"M",2,1,26,"PE","D","A","B",1,1,1,1,1,466.8,573.2,502,516.4,980,3038.4
160000111834,17,"F",1,3,24,"RN","Q","D","A",1,1,1,1,1,810.8,716.5,726.3,786.6,980,4020.2
160000109580,17,"F",3,3,23,"CE","F","D","A",1,1,1,1,1,692.7,715.8,672,819.3,980,3879.8
160000120940,18,"F",3,2,33,"RJ","B","A","A",1,1,1,1,1,569.7,605.7,622.3,706.3,980,3484
160000125274,19,"M",1,1,35,"SP","H","A","B",1,1,1,1,1,785.5,717.2,709.8,862.3,980,4054.8
160001159886,18,"M",1,1,52,"GO","P","D","A",1,1,1,1,1,575.8,673.4,646.7,756.8,980,3632.7
160001170667,19,"F",3,1,52,"GO","C","E","A",1,1,1,1,1,667.2,640.9,607.9,682,980,3578
160001444655,17,"M",1,3,31,"MG","D","D","A",1,1,1,1,1,680.8,688.7,635.3,871.4,980,3856.2
160001466345,18,"M",1,1,15,"PA","K","E","A",1,1,1,1,1,829.6,741.7,624.5,936.9,980,4112.7
160001232404,30,"M",1,1,23,"CE","L","D","A",1,1,1,1,1,596.8,683.3,656.9,643.4,980,3560.4
160001247050,18,"M",3,2,23,"CE","B","A","A",1,1,1,1,1,527.9,610.2,577.7,545.4,980,3241.2
160001303253,16,"M",1,3,50,"MS","K","D","A",1,1,1,1,1,710.4,712,642.6,816.4,980,3861.4
160001292738,17,"F",5,3,23,"CE","I","D","A",1,1,1,1,1,666.5,655.9,617.5,666.5,980,3586.4
160001274898,24,"F",1,1,43,"RS","D","D","A",1,1,1,1,1,636.4,639.9,669.8,679.7,980,3605.8
160001200194,19,"M",3,1,31,"MG","N","D","A",1,1,1,1,1,646.4,744.5,721.9,833.9,980,3926.7
160001240167,18,"F",1,1,31,"MG","E","D","A",1,1,1,1,1,635.8,713.8,647.1,795.7,980,3772.4
160001207750,18,"M",1,1,21,"MA","H","E","B",1,1,1,1,1,733.6,767.5,644.1,751.2,980,3876.4
160001448510,20,"F",1,1,35,"SP","O","D","A",1,1,1,1,1,744.7,775.9,703.1,872.8,980,4076.5
160001452101,17,"M",1,3,43,"RS","D","E","A",1,1,1,1,1,596.4,661.5,646.1,837.8,980,3721.8
160001445029,30,"M",3,1,11,"RO","P","A","B",1,1,1,1,1,630.3,680.6,610.7,733.5,980,3635.1
160001459383,17,"M",3,3,23,"CE","F","D","A",1,1,1,1,1,687.6,726,671.8,781.9,980,3847.3
160001470309,25,"M",0,1,23,"CE","P","D","A",1,1,1,1,1,719.1,782,716,943.1,980,4140.2
160001448902,29,"M",3,1,25,"PB","E","A","C",1,1,1,1,1,648.1,667.8,646.3,727.5,980,3669.7
160001420435,17,"F",3,2,29,"BA","G","A","A",1,1,1,1,1,531.8,601.3,623.7,404.8,980,3141.6
160001207401,17,"F",3,2,28,"SE","J","A","A",1,1,1,1,1,707,677.4,632.9,833.6,980,3830.9
160008423603,19,"F",1,1,31,"MG","K","D","A",1,1,1,1,1,596,692.6,621.9,631.1,980,3521.6
160001200347,17,"F",1,1,23,"CE","L","B","A",1,1,1,1,1,609.3,633.6,660.7,736.9,980,3620.5
160001193164,21,"F",1,1,35,"SP","J","D","A",1,1,1,1,1,584.9,600.1,555.7,580.8,980,3301.5
160001204136,19,"F",1,1,35,"SP","K","D","A",1,1,1,1,1,688.8,681.9,651.9,748.4,980,3751
160001596677,17,"F",1,3,31,"MG","J","D","A",1,1,1,1,1,628.6,641.5,605.7,721.4,980,3577.2
160001474246,18,"F",1,1,43,"RS","I","A","A",1,1,1,1,1,578.3,633.6,569.9,525.2,980,3287
160001431452,17,"F",1,3,28,"SE","G","D","A",1,1,1,1,1,597.2,645.9,626.1,545.3,980,3394.5
160001456569,17,"M",3,2,26,"PE","B","A","A",1,1,1,1,1,518.9,550.5,586.5,563.1,980,3199
160001598989,18,"M",1,3,31,"MG","O","D","A",1,1,1,1,1,669.7,739.1,673.8,878.7,980,3941.3
160001607910,21,"F",1,1,26,"PE","E","E","A",1,1,1,1,1,621.2,636.3,627.9,595.4,980,3460.8
160001595474,21,"F",1,1,25,"PE","I","B","A",1,1,1,1,1,718.3,685.4,603.3,735.9,980,3722.9
160001603948,17,"F",3,2,33,"RJ","C","A","A",1,1,1,1,1,583.4,649.1,634.9,564.3,980,3411.7
160001250423,17,"F",1,3,32,"ES","J","D","A",1,1,1,1,1,666.4,683.3,629.4,831.6,980,3790.7
160001286421,18,"F",3,1,50,"MS","J","A","A",1,1,1,1,1,666.2,731.4,624.6,775.1,980,3777.3
160001279403,20,"F",1,1,22,"PI","L","B","A",1,1,1,1,1,607.5,644.4,642.4,635.4,980,3509.7
160001293750,18,"M",1,3,35,"SP","J","D","A",1,1,1,1,1,691.5,648.4,632,764,980,3715.9
160001240548,21,"M",3,1,52,"GO","E","A","B",1,1,1,1,1,611.7,691.6,619.8,633.2,980,3536.3
160001200919,18,"M",3,1,26,"PE","C","B","B",1,1,1,1,1,599.7,617.8,634.9,596.4,980,3428.8
160001600414,17,"F",1,2,35,"SP","G","A","A",1,1,1,1,1,582,615.9,612.8,608.5,980,3399.2
160001605820,17,"M",1,3,41,"PR","H","D","A",1,1,1,1,1,648.9,676.9,631.4,705,980,3642.2
160001602298,17,"M",3,3,22,"PI","H","D","A",1,1,1,1,1,562.9,717.4,696.9,702.2,980,3659.4
160001258084,18,"M",3,3,31,"MG","D","E","A",1,1,1,1,1,677,683.8,677.8,806.2,980,3824.8
160001272390,17,"M",1,3,31,"SP","G","B","A",1,1,1,1,1,689.2,674.9,647.2,826.2,980,3817.5
160001279600,17,"F",1,3,33,"RJ","F","D","A",1,1,1,1,1,598.1,646.8,630.5,799.3,980,3654.7
160001279905,19,"F",2,1,27,"AL","D","D","A",1,1,1,1,1,561.8,627.6,557.6,653.5,980,3380.5
160001254856,19,"F",1,1,35,"SP","L","D","A",1,1,1,1,1,708.1,698.2,691.4,696.9,980,3774.6
160001290777,15,"M",3,1,22,"PI","C","E","A",1,1,1,1,1,667.4,694,696.4,716,980,3753.8
160001283844,20,"F",0,1,35,"SP","D","D","A",1,1,1,1,1,675.3,719.6,627.7,708.6,980,3711.2
160001485080,23,"M",3,1,32,"ES","D","A","A",1,1,1,1,1,727.6,674.6,595.4,865.2,980,3842.8
160001503079,18,"F",1,3,53,"DF","Q","D","A",1,1,1,1,1,684.2,773.9,684.5,611.4,980,3734
160001504683,23,"F",1,1,25,"PB","N","D","A",1,1,1,1,1,762.2,749.2,685.3,879.5,980,4056.2
160001483794,17,"F",1,3,35,"SP","Q","D","A",1,1,1,1,1,688.8,701.5,665.9,816.1,980,3852.3
160001226923,22,"F",3,1,35,"SP","E","A","A",1,1,1,1,1,603,639.4,591.8,434.3,980,3248.5
160001194520,19,"F",3,1,31,"MG","H","D","A",1,1,1,1,1,691.9,711.5,653.6,829.3,980,3866.3
160001198134,18,"F",3,1,23,"CE","G","D","B",1,1,1,1,1,717.1,704.1,630.7,833.1,980,3865
160001498355,20,"F",0,1,35,"SP","F","A","A",1,1,1,1,1,673.7,724.9,617.7,710.1,980,3706.4
160001518605,18,"F",3,1,51,"MT","I","A","A",1,1,1,1,1,590.1,613.7,616.5,688.3,980,3488.6
160001479063,20,"F",1,1,31,"MG","H","B","A",1,1,1,1,1,589.7,598.6,609,778,980,3555.3
160001486267,18,"M",1,2,31,"MG","F","A","A",1,1,1,1,1,676.9,660.1,638,751.1,980,3706.1
160008496358,18,"F",1,3,23,"CE","D","D","A",1,1,1,1,1,548.6,645,636.6,509.4,980,3319.6
160001493551,22,"F",1,1,50,"MS","E","B","A",1,1,1,1,1,463,597.3,604.3,342.3,980,2986.9
160001497255,18,"F",1,1,31,"MG","M","D","A",1,1,1,1,1,756.8,738.9,643.5,933,980,4052.2
160001494826,18,"F",1,3,32,"ES","G","D","A",1,1,1,1,1,741.6,755.9,698.8,920,980,4096.3
160001487657,19,"F",1,1,22,"PI","I","E","B",1,1,1,1,1,706.1,715.1,633,819.4,980,3853.6
160001198786,24,"F",1,1,25,"PB","D","D","A",1,1,1,1,1,560.8,634.2,620.9,569.2,980,3365.1
160001231295,18,"F",1,1,41,"PR","N","D","A",1,1,1,1,1,669.1,683.5,618.4,704.4,980,3655.4
160001213572,16,"F",1,1,41,"PR","Q","D","A",1,1,1,1,1,615.1,624.5,612.2,628.7,980,3460.5
160001192040,18,"M",3,1,23,"CE","B","A","A",1,1,1,1,1,567.9,656.9,589.6,657.7,980,3452.1
160001228144,17,"F",3,2,35,"SP","G","A","A",1,1,1,1,1,609.5,659.8,609.5,542.3,980,3401.1
160001523840,19,"F",1,1,35,"SP","I","D","A",1,1,1,1,1,584.5,597.5,594.8,650,980,3406.8
160001484290,17,"F",1,3,25,"PB","F","D","A",1,1,1,1,1,599.3,634.8,650.9,738.4,980,3603.4
160001487905,17,"F",3,3,31,"MG","G","D","A",1,1,1,1,1,778.1,828.8,735.1,840.8,980,4162.8
160001480742,20,"F",1,1,31,"MG","F","C","A",1,1,1,1,1,668.7,668.8,589.9,673.4,980,3580.8
160001488489,18,"M",1,3,35,"SP","Q","D","A",1,1,1,1,1,768.3,747.9,684.1,801.9,980,3982.2
160001235571,19,"F",1,1,35,"SP","H","D","A",1,1,1,1,1,620.7,664,667.6,495.3,980,3427.6
160001214077,22,"F",1,1,50,"MS","E","D","A",1,1,1,1,1,735.5,744.8,623.6,665.8,980,3749.7
160001221360,25,"F",3,1,33,"RJ","G","A","A",1,1,1,1,1,593.2,652.2,603.6,734.4,980,3563.4
160001192494,20,"F",3,1,52,"GO","N","D","A",1,1,1,1,1,652.9,671.4,615.2,623.2,980,3542.7
160001204313,16,"F",3,3,33,"RJ","H","D","A",1,1,1,1,1,656.1,730.1,651.9,799.9,980,3818
160001481024,17,"F",3,3,31,"MG","H","D","A",1,1,1,1,1,669.2,683.3,650.1,794,980,3776.6
160001506216,18,"F",3,3,52,"GO","J","B","A",1,1,1,1,1,713.5,732.5,670.4,690.1,980,3786.5
160001484721,21,"F",3,1,15,"PA","I","A","A",1,1,1,1,1,680.5,682,645,717.6,980,3705.1
160001517267,19,"F",3,1,52,"GO","J","D","A",1,1,1,1,1,638,574.1,583.9,717.5,980,3493.5
160001483627,17,"M",3,3,52,"GO","J","D","A",1,1,1,1,1,705.1,673.7,648.4,814.2,980,3821.4
160001158032,20,"F",1,1,26,"PE","C","E","A",1,1,1,1,1,751.1,671,549,744.9,980,3696
160001134234,19,"M",1,1,33,"RJ","Q","D","A",1,1,1,1,1,695.7,742,703.1,849,980,3969.8
160001162586,17,"F",3,3,31,"MG","F","D","A",1,1,1,1,1,603.9,614.4,619.8,652.1,980,3470.2
160001051357,17,"M",1,2,22,"PI","C","A","A",1,1,1,1,1,669.5,635.7,592.7,666,980,3543.9
160001637540,20,"M",3,1,23,"CE","C","A","A",1,1,1,1,1,658.3,565.6,454.6,525.9,980,3184.4
160000132126,21,"F",1,1,21,"MA","C","D","B",1,1,1,1,1,672.1,722.4,650.7,750.9,980,3776.1
160000134376,18,"M",1,3,22,"PI","I","D","A",1,1,1,1,1,656.5,677.3,704.9,771.4,980,3790.1
160000134458,17,"F",1,3,33,"RJ","Q","D","B",1,1,1,1,1,603.5,659,640.8,721.7,980,3605
160000139062,18,"M",3,2,21,"MA","H","A","A",1,1,1,1,1,562.1,574.7,521.6,623.6,980,3262
160000116435,18,"M",3,1,23,"CE","C","A","A",1,1,1,1,1,665.1,699.8,659.8,774.3,980,3779
160000118936,17,"F",1,3,33,"RJ","M","D","A",1,1,1,1,1,571.2,630.8,629.6,529.3,980,3340.9
160000120797,17,"F",4,3,31,"BA","D","D","A",1,1,1,1,1,604.9,695.1,639.7,686.4,980,3606.1
160000092490,17,"F",3,3,23,"CE","E","B","A",1,1,1,1,1,629.9,720.4,665.3,724.2,980,3719.8
160000103210,17,"M",1,3,43,"RS","Q","D","A",1,1,1,1,1,616.3,633.3,638.5,751.4,980,3619.5
160000079314,32,"F",1,1,26,"PE","G","A","A",1,1,1,1,1,613.4,621.9,619.7,486.9,980,3321.9
160000087430,21,"F",3,1,15,"PA","H","D","A",1,1,1,1,1,652.5,647.4,607.3,731.1,980,3618.3
160000082238,17,"F",0,3,26,"PE","N","D","A",1,1,1,1,1,684.3,695.1,705.2,748.2,980,3812.8
160000069436,17,"F",1,3,31,"MG","P","D","A",1,1,1,1,1,735,762.8,666.8,807.8,980,3952.4
160000093126,17,"F",1,3,33,"RJ","K","D","A",1,1,1,1,1,518.5,638.9,592.3,526.2,980,3255.9
160000085286,18,"F",1,3,33,"RJ","P","D","A",1,1,1,1,1,736,729.7,736.8,855.7,980,4038.2
160000104228,18,"F",3,3,23,"CE","D","D","A",1,1,1,1,1,584.3,670.7,639.2,657.3,980,3531.5
160000099227,19,"F",1,1,41,"PR","P","D","A",1,1,1,1,1,711.1,683.2,661.7,899.7,980,3935.7
160000065057,18,"F",0,1,26,"PE","J","D","A",1,1,1,1,1,688.8,733.7,705.8,648,980,3756.3
160000097147,20,"M",3,1,23,"CE","E","D","A",1,1,1,1,1,561.5,633.8,647.4,691.1,980,3513.8
160000063040,17,"F",1,3,35,"SP","N","D","A",1,1,1,1,1,598.6,643.5,652.4,801.6,980,3676.1
160000073419,18,"F",0,3,24,"RN","H","D","A",1,1,1,1,1,671.4,683.6,633.9,790.5,980,3759.4
160000086899,19,"F",1,1,31,"MG","C","E","A",1,1,1,1,1,660.7,714.3,606.5,492.2,980,3453.7
160000216524,27,"F",1,1,33,"RJ","C","A","B",1,1,1,1,1,646.4,694.4,678.2,564.4,980,3563.4
160000231416,17,"F",1,3,27,"AL","N","D","A",1,1,1,1,1,586.6,614.1,612.8,563.6,980,3357.1
160000202065,20,"F",3,1,31,"MG","J","D","A",1,1,1,1,1,693.5,655.1,654.3,775.7,980,3758.6
160001166293,16,"F",0,3,43,"RS","N","D","A",1,1,1,1,1,611.8,693.1,643.9,664.4,980,3593.2
160001187497,19,"F",1,1,23,"CE","H","D","A",1,1,1,1,1,713.9,739.4,666.4,867.2,980,3966.9
160001180681,17,"F",1,3,43,"RS","O","D","A",1,1,1,1,1,609.3,633.6,674.3,714.9,980,3612.1
160001133393,19,"F",1,1,23,"CE","H","D","A",1,1,1,1,1,721.8,688,603.2,825.3,980,3818.3
160001627369,19,"M",1,1,31,"MG","J","D","A",1,1,1,1,1,622.3,654,628.5,647.3,980,3532.1
160001634484,18,"F",1,1,52,"GO","E","D","A",1,1,1,1,1,536.5,646.1,634.8,647.6,980,3445
160001638045,17,"F",1,3,26,"PE","O","D","A",1,1,1,1,1,655.6,792.1,666.5,727.7,980,3821.9
160001732016,18,"F",1,3,33,"RJ","L","D","A",1,1,1,1,1,611.4,677.3,657.1,713.2,980,3639
160001714153,17,"F",1,3,31,"MG","M","D","A",1,1,1,1,1,725.8,704.6,695.4,741.6,980,3847.4
160001493023,17,"F",1,3,26,"PE","Q","D","A",1,1,1,1,1,677.3,618.4,622.2,732.7,980,3630.6
160001507492,18,"M",3,1,35,"SP","O","A","A",1,1,1,1,1,705.9,659.7,643.8,826,980,3815.4
160001514793,17,"F",3,3,23,"CE","F","D","A",1,1,1,1,1,656.4,673.5,641.8,641.6,980,3593.3
160001169631,19,"M",3,1,28,"SE","Q","D","A",1,1,1,1,1,836.2,815.9,658.7,942.2,980,4233
160001417050,18,"F",3,2,52,"GO","B","A","A",1,1,1,1,1,487.6,587.9,635.3,525.3,980,3216.1
160001490742,22,"F",3,1,27,"AL","F","D","A",1,1,1,1,1,633.4,729.9,429.2,594.2,980,3366.7
160001479776,17,"M",2,3,31,"MG","O","D","A",1,1,1,1,1,650.1,710.7,633,720.3,980,3694.1
160001276953,20,"F",3,1,23,"CE","D","A","A",1,1,1,1,1,654.1,706.5,556.7,808.6,980,3705.9
160001273531,20,"M",1,1,50,"MS","J","D","A",1,1,1,1,1,700.5,721,657,789.9,980,3848.4
160001263191,18,"F",1,1,25,"PB","Q","D","A",1,1,1,1,1,664.3,698.4,673.1,737.6,980,3753.4
160001333220,17,"M",1,3,31,"MG","Q","D","B",1,1,1,1,1,683,714.7,648.5,854.5,980,3880.7
160001843529,17,"F",3,3,42,"SC","K","D","A",1,1,1,1,1,611.8,668.3,660.9,676.1,980,3597.1
160001841820,23,"F",1,1,24,"RN","Q","D","A",1,1,1,1,1,650.4,703.7,629.4,714.5,980,3678
160001329723,18,"F",3,3,29,"BA","O","D","A",1,1,1,1,1,636.4,691.2,667.2,624.5,980,3599.3
160001309015,18,"F",2,1,43,"RS","L","D","A",1,1,1,1,1,812.2,787.6,696.5,833.4,980,4109.7
160008622030,17,"F",1,3,42,"SC","O","D","A",1,1,1,1,1,601.4,649.5,653.6,703.2,980,3587.7
160001337559,18,"F",3,1,41,"PR","F","D","A",1,1,1,1,1,578,490.4,574.1,523.6,980,3146.1
160001337593,19,"F",2,1,31,"MG","F","B","A",1,1,1,1,1,680.3,650.9,622.3,645.8,980,3579.3
160001323363,20,"F",1,1,41,"PR","H","D","A",1,1,1,1,1,666.1,665,660.1,650.8,980,3622
160008384877,19,"M",1,1,26,"PE","E","D","A",1,1,1,1,1,626.2,660.5,625,765.7,980,3657.4
160001845444,25,"F",3,1,29,"BA","C","B","A",1,1,1,1,1,626.3,612.7,637.5,543,980,3399.5
160008561205,21,"F",1,1,33,"RJ","H","D","A",1,1,1,1,1,619.2,639,548.4,638.9,980,3425.5
160001659857,17,"M",1,3,43,"RS","J","D","A",1,1,1,1,1,611,616.7,612,707.9,980,3527.6
160001319975,18,"M",3,1,26,"PE","D","A","A",1,1,1,1,1,575,573.9,577.9,496.8,980,3203.6
160001674662,21,"M",1,1,52,"GO","H","D","A",1,1,1,1,1,820.7,749.3,590.7,820.1,980,3960.8
160001671150,18,"M",1,1,17,"TO","N","D","A",1,1,1,1,1,592.7,626,594.7,549.3,980,3342.7
160001678405,18,"F",4,1,51,"MT","P","D","A",1,1,1,1,1,760.7,764.4,654.8,896.9,980,4056.8
160001699723,17,"F",3,2,53,"DF","L","A","A",1,1,1,1,1,642.4,700.7,612.1,778.6,980,3713.8
160008612928,17,"M",3,3,23,"CE","H","D","A",1,1,1,1,1,726.4,742.6,649.9,854.6,980,3953.5
160001678759,18,"F",4,1,23,"CE","C","A","A",1,1,1,1,1,619.4,634.4,586.7,707.7,980,3528.2
160001664586,17,"F",1,3,42,"SC","M","D","A",1,1,1,1,1,653.7,664.1,699.7,785.6,980,3783.1
160008618662,22,"F",2,1,25,"CE","G","D","A",1,1,1,1,1,673.2,728.2,632.9,806.1,980,3820.4
160001678927,18,"M",1,1,25,"PB","H","A","A",1,1,1,1,1,699.3,739.5,647.7,659.7,980,3726.2
160001661240,17,"F",1,3,43,"RS","I","D","A",1,1,1,1,1,676.2,678.3,677.7,640,980,3652.2
160001675473,17,"F",1,3,23,"CE","O","D","A",1,1,1,1,1,742.8,735.7,669.7,750.9,980,3879.1
160001651210,17,"M",3,3,31,"MG","H","E","A",1,1,1,1,1,618.9,611,636.4,772.9,980,3619.2
160002052501,18,"F",3,1,25,"PB","M","D","A",1,1,1,1,1,634.2,686.3,657,724.1,980,3681.6
160002059697,17,"F",3,2,52,"GO","K","A","A",1,1,1,1,1,702.8,705.2,676.7,728.4,980,3793.1
160002081750,17,"M",1,3,35,"SP","I","E","A",1,1,1,1,1,737.3,634,610.9,800.4,980,3762.6
160002075088,16,"F",1,1,52,"GO","H","D","A",1,1,1,1,1,483.8,656.3,537.6,482.3,980,3140
160002100588,17,"F",1,2,42,"SC","G","A","A",1,1,1,1,1,621.4,680.8,608.5,723,980,3613.7
160008601416,17,"F",1,3,32,"ES","G","E","A",1,1,1,1,1,627.3,620.6,601.2,627.1,980,3456.2
160002082536,17,"F",1,2,33,"RJ","G","A","A",1,1,1,1,1,629.2,755.1,723,696.4,980,3783.7
160002060785,18,"F",2,2,26,"PE","M","A","A",1,1,1,1,1,615.7,682.5,675.4,703,980,3656.6
160001944894,17,"F",1,3,50,"MS","I","D","A",1,1,1,1,1,638.8,660.6,669.6,734.1,980,3683.1
160001963083,17,"F",1,3,35,"SP","J","D","A",1,1,1,1,1,718.1,690.3,696.8,860.2,980,3945.4
160001970284,20,"F",1,1,31,"MG","J","A","A",1,1,1,1,1,686.7,673.9,475.5,815.4,980,3631.5
160001970296,18,"F",2,1,33,"RJ","I","A","A",1,1,1,1,1,628.4,637.4,627.2,640.8,980,3513.8
160001981150,23,"F",3,1,26,"CE","E","A","A",1,1,1,1,1,592.6,646.6,566.8,717.6,980,3503.6
160001977665,21,"M",3,1,35,"SP","G","A","C",1,1,1,1,1,648.9,676.8,631.3,809.8,980,3746.8
160001963385,17,"F",3,3,31,"MG","M","E","A",1,1,1,1,1,795.4,801.1,668.6,932.6,980,4177.7
160001963472,31,"M",3,1,25,"PB","I","D","A",1,1,1,1,1,602.7,750.6,666.1,486.7,980,3486.1
160001956289,20,"F",1,1,43,"RS","I","D","A",1,1,1,1,1,689.9,746,711.7,807,980,3934.6
160001959907,18,"F",1,3,13,"AM","Q","D","A",1,1,1,1,1,646.5,747,671.5,769.2,980,3814.2
160001977931,18,"F",1,3,31,"MG","L","D","A",1,1,1,1,1,680.2,643.2,605.9,651.9,980,3561.2
160001175099,22,"F",3,1,23,"CE","D","A","A",1,1,1,1,1,655.4,713.1,609.3,706.7,980,3664.5
160001185975,16,"F",1,1,33,"RJ","K","A","A",1,1,1,1,1,590.7,652.6,630.9,677.2,980,3531.4
160001175509,16,"F",3,3,23,"CE","J","D","A",1,1,1,1,1,546.5,648.4,586.2,566.6,980,3327.7
160008489462,16,"M",1,1,31,"MG","L","D","A",1,1,1,1,1,728.6,718.8,659.7,843.8,980,3930.9
160001963800,17,"F",4,3,31,"MG","J","D","A",1,1,1,1,1,585,616.3,606.9,445.4,980,3233.6
160001967427,18,"F",3,2,31,"MG","C","A","A",1,1,1,1,1,411.2,567.8,563.9,392.2,980,2915.1
160001963955,18,"F",1,1,43,"RS","N","D","A",1,1,1,1,1,603.9,687.2,698.2,628.7,980,3598
160001985648,18,"M",3,1,23,"CE","L","D","B",1,1,1,1,1,755.1,733.7,688.3,946.7,980,4103.8
160001935126,28,"F",1,1,35,"SP","G","D","A",1,1,1,1,1,717.7,761.2,672.3,801.5,980,3932.7
160001956876,17,"M",1,3,53,"DF","P","D","A",1,1,1,1,1,740.8,759.9,692.4,862.7,980,4035.8
160001971320,17,"M",1,3,35,"SP","H","D","A",1,1,1,1,1,698.5,732.9,655.7,751.8,980,3818.9
160001985759,25,"F",1,1,41,"PR","G","A","A",1,1,1,1,1,679.4,703.2,630.6,649.3,980,3642.5
160001935172,26,"F",1,1,43,"RS","C","A","A",1,1,1,1,1,676.3,726.6,636.1,711.6,980,3730.6
160001942514,20,"F",1,1,32,"ES","N","D","A",1,1,1,1,1,720.2,683.5,670,806.6,980,3860.3
160001946094,19,"M",0,1,22,"PI","E","D","A",1,1,1,1,1,636.9,711.1,666.4,749.7,980,3744.1
160008463673,26,"M",1,1,42,"SC","Q","D","A",1,1,1,1,1,795.8,741.6,708.9,857.9,980,4084.2
160001971671,17,"F",1,3,22,"PI","H","D","A",1,1,1,1,1,678.7,745.3,667.1,687.1,980,3758.2
160001942709,18,"M",1,1,35,"SP","O","D","A",1,1,1,1,1,765.6,722.8,661.7,929,980,4059.1
160001975333,17,"M",1,3,43,"RS","G","D","A",1,1,1,1,1,712,714.5,660.5,806.3,980,3873.3
160001953649,18,"F",3,1,33,"RJ","L","D","B",1,1,1,1,1,732.5,707.4,662.5,747.6,980,3830
160001942841,20,"F",2,1,31,"MG","E","A","C",1,1,1,1,1,644.2,660.6,625.9,649.5,980,3560.2
160001968623,17,"F",3,3,42,"SC","M","D","A",1,1,1,1,1,623.2,692.6,635.2,730.1,980,3661.1
160001990258,21,"F",3,1,26,"PE","N","D","A",1,1,1,1,1,671,684.4,629.2,681,980,3645.6
160001986756,18,"F",1,3,52,"GO","O","D","A",1,1,1,1,1,651.5,662,580.7,687.7,980,3561.9
160001950891,18,"M",1,3,29,"BA","Q","D","A",1,1,1,1,1,698.1,721.9,674.5,852.5,980,3927
160001951025,17,"M",2,3,32,"ES","M","D","A",1,1,1,1,1,720.8,696,601.8,919.7,980,3918.3
160002094309,18,"M",1,3,31,"MG","N","D","A",1,1,1,1,1,675.7,747.8,645.7,819.1,980,3868.3
160002101451,18,"M",3,3,26,"PE","O","D","A",1,1,1,1,1,674,735.2,700.5,728.1,980,3817.8
160002072984,22,"F",1,1,35,"SP","P","D","A",1,1,1,1,1,706.5,698.4,662.2,811.4,980,3858.5
160002076532,18,"F",1,1,35,"SP","O","A","A",1,1,1,1,1,666.7,668.7,632.9,765.5,980,3713.8
160002087319,24,"F",3,1,28,"SE","G","D","A",1,1,1,1,1,487.7,570,597.5,536.2,980,3171.4
160002087336,18,"F",1,2,35,"SP","G","A","A",1,1,1,1,1,656.5,720.9,687.7,644.6,980,3689.7
160002090952,17,"M",3,3,29,"BA","P","D","A",1,1,1,1,1,660.7,658.6,614.3,736.7,980,3650.3
160002080305,19,"M",2,1,41,"PR","K","D","A",1,1,1,1,1,668,657.5,590.1,733.9,980,3629.5
160002091132,17,"M",1,3,33,"RJ","P","E","A",1,1,1,1,1,758.3,723.4,682.5,924,980,4068.2
160002101932,16,"M",1,1,35,"SP","G","E","A",1,1,1,1,1,680.2,599.3,592,883.4,980,3734.9
160002052048,17,"M",1,3,33,"RJ","L","D","B",1,1,1,1,1,608.5,645.6,612.8,628.4,980,3475.3
160002069921,18,"F",3,1,33,"RJ","I","D","B",1,1,1,1,1,554,654.6,584.4,552.8,980,3325.8
160002066507,18,"F",3,1,31,"MG","D","E","A",1,1,1,1,1,660.5,729.5,574.7,756.1,980,3700.8
160002066512,18,"F",1,1,41,"PR","I","D","A",1,1,1,1,1,643.8,667.6,633.1,687.1,980,3611.6
160002073629,19,"F",3,1,33,"RJ","J","D","A",1,1,1,1,1,515.8,597.3,527.2,657,980,3277.3
160002077514,17,"F",3,2,23,"CE","B","A","A",1,1,1,1,1,614.9,711.6,661.9,511.9,980,3480.3
160008622735,17,"M",3,3,52,"GO","D","D","A",1,1,1,1,1,612.8,676.6,675.9,653.4,980,3598.7
160002102831,18,"F",1,2,31,"MG","G","A","A",1,1,1,1,1,527.2,600.3,583,446.8,980,3137.3
160002060075,21,"M",1,1,29,"BA","J","D","A",1,1,1,1,1,738.5,756.8,704.1,724.3,980,3903.7
160002046796,17,"M",3,3,26,"PE","F","E","A",1,1,1,1,1,659.9,694.1,655.8,729.3,980,3719.1
160002054007,21,"F",3,1,31,"SP","H","E","A",1,1,1,1,1,729,760.8,679.4,813.8,980,3963
160002068314,18,"F",3,1,23,"CE","D","D","A",1,1,1,1,1,780.8,701.4,700.9,886.2,980,4049.3
160002072048,17,"M",4,3,51,"MT","P","D","A",1,1,1,1,1,671.6,701.5,654.8,838.8,980,3846.7
160002079184,17,"M",1,3,23,"CE","I","D","B",1,1,1,1,1,618.4,641.7,535.8,678,980,3453.9
160002068468,18,"F",3,1,23,"CE","C","E","A",1,1,1,1,1,659.7,617.6,647.9,461.7,980,3366.9
160002051032,19,"F",1,1,35,"SP","G","D","A",1,1,1,1,1,595.6,652,647,578.4,980,3453
160002061608,17,"F",3,1,24,"RN","F","D","A",1,1,1,1,1,701.7,685.8,594.9,692.8,980,3655.2
160002079293,17,"M",3,3,31,"MG","P","D","A",1,1,1,1,1,771,730.1,645.9,890.3,980,4017.3
160002047788,19,"F",0,1,31,"MG","Q","D","B",1,1,1,1,1,757.9,747.7,658.1,799.3,980,3943
160002068868,18,"F",1,1,35,"SP","J","D","A",1,1,1,1,1,705.4,762.9,693.7,681.2,980,3823.2
160002051386,16,"F",1,1,15,"PA","G","E","A",1,1,1,1,1,589.8,644.7,604.9,614.7,980,3434.1
160002079578,34,"F",1,1,43,"RS","D","A","A",1,1,1,1,1,628.7,709.3,622.6,748.3,980,3688.9
160002065549,18,"F",1,2,24,"RN","E","A","A",1,1,1,1,1,581.8,680.3,655.5,603.2,980,3500.8
160002058607,16,"F",1,1,23,"CE","I","D","A",1,1,1,1,1,591,590.4,566.4,556.4,980,3284.2
160002072641,23,"F",3,1,23,"CE","G","D","A",1,1,1,1,1,690.3,688.8,545.1,704.3,980,3608.5
160002076238,21,"F",3,1,31,"MG","J","A","A",1,1,1,1,1,732.4,699.3,652.4,734.5,980,3798.6
160002083424,19,"F",1,1,33,"RJ","Q","D","A",1,1,1,1,1,678.2,644.8,632.5,812.4,980,3747.9
160002101217,20,"F",1,1,27,"AL","K","D","A",1,1,1,1,1,623.1,633.6,604.4,672.7,980,3513.8
160002080383,19,"F",3,1,31,"MG","J","A","A",1,1,1,1,1,688.5,748.9,654.4,729,980,3800.8
160001852744,17,"F",3,3,15,"PA","M","D","A",1,1,1,1,1,645,641.4,623.4,813.6,980,3703.4
160001863679,19,"F",3,1,31,"MG","K","D","A",1,1,1,1,1,648.8,696.4,668.6,799.2,980,3793
160001849451,15,"F",3,1,31,"MG","K","D","A",1,1,1,1,1,540.1,672.2,581.7,693.3,980,3467.3
160001858451,18,"F",3,1,31,"MG","G","A","B",1,1,1,1,1,702.8,697.1,633,736.9,980,3749.8
160001849668,17,"F",4,2,31,"MG","E","A","A",1,1,1,1,1,594.7,649.4,623.8,646.7,980,3494.6
160001874900,21,"F",3,1,33,"RJ","G","E","A",1,1,1,1,1,576.3,636.2,569.8,625.5,980,3387.8
160000037275,18,"M",1,2,23,"CE","C","A","A",1,1,1,1,1,583.2,620.5,606.4,666.3,980,3456.4
160000019026,18,"F",1,3,52,"GO","G","D","A",1,1,1,1,1,570,647.3,625.1,584.9,980,3407.3
160000029796,17,"F",4,3,23,"CE","J","D","A",1,1,1,1,1,718.1,685.8,638.8,844.2,980,3866.9
160000014498,19,"F",1,1,31,"MG","M","D","A",1,1,1,1,1,645,665.1,618.2,728.7,980,3637
160000020889,17,"F",3,3,21,"MG","D","E","A",1,1,1,1,1,594.6,681.8,581.7,672.4,980,3510.5
160000024969,17,"F",3,3,26,"PE","N","D","A",1,1,1,1,1,669.1,648.8,629.3,742.6,980,3669.8
160000029999,19,"F",1,1,31,"MG","E","A","A",1,1,1,1,1,699.8,718.2,667.2,706.9,980,3772.1
160000016112,18,"F",1,3,31,"MG","N","D","A",1,1,1,1,1,730.9,678.1,669.2,832.3,980,3890.5
160000022808,19,"M",3,1,26,"PE","F","D","A",1,1,1,1,1,591.9,653.8,637.4,551.9,980,3415
160000022809,17,"M",3,3,26,"PE","H","D","A",1,1,1,1,1,616.1,668.5,602.3,544.8,980,3411.7
160000025221,18,"M",3,1,31,"MG","J","A","A",1,1,1,1,1,702.4,653.3,592.7,568.2,980,3496.6
160000021219,18,"F",1,1,26,"PE","I","D","A",1,1,1,1,1,656.5,743.4,612.2,769.9,980,3762
160000011334,20,"F",1,1,50,"MS","G","E","A",1,1,1,1,1,692.9,674.7,628.5,753.1,980,3729.2
160000032853,19,"F",3,1,23,"CE","F","C","A",1,1,1,1,1,655.7,634.8,598.7,742,980,3611.2
160000019658,18,"F",1,1,43,"RS","I","D","A",1,1,1,1,1,659.7,705.5,661,746.7,980,3752.9
160000018130,22,"M",1,1,35,"SP","I","A","A",1,1,1,1,1,679.3,697.5,623.3,736.8,980,3716.9
160000021633,18,"F",1,3,26,"PE","P","D","A",1,1,1,1,1,623,719,662.9,749,980,3733.9
160000043319,21,"F",1,1,27,"AL","F","D","A",1,1,1,1,1,602.9,694.3,634.2,557.9,980,3469.3
160000013980,17,"M",3,2,53,"DF","E","A","A",1,1,1,1,1,544.7,550.9,573.8,422.9,980,3072.3
160000026456,17,"F",1,3,26,"PE","Q","D","A",1,1,1,1,1,695.5,709.8,712.3,715.7,980,3813.3
160000028780,17,"F",1,3,43,"RS","N","D","A",1,1,1,1,1,670,678.3,637.5,801.9,980,3767.7
160000024638,17,"F",1,3,43,"RS","H","D","A",1,1,1,1,1,534.3,615.3,622.8,664,980,3416.4
160000029143,17,"F",3,3,24,"RN","M","D","A",1,1,1,1,1,522.5,658.9,654.7,578.8,980,3394.9
160008550155,20,"F",3,1,15,"PA","O","D","A",1,1,1,1,1,662.2,705.2,598.7,820.2,980,3766.3
160000034083,17,"M",3,3,31,"MG","E","D","A",1,1,1,1,1,650.2,654.6,589.6,714,980,3588.4
160000012314,18,"F",1,1,53,"DF","Q","D","A",1,1,1,1,1,739.2,814.4,680.6,853.5,980,4067.7
160000034232,20,"F",3,1,25,"PB","J","D","A",1,1,1,1,1,633,669.9,683.7,412.5,980,3379.1
160000017160,19,"M",3,1,33,"RJ","D","A","A",1,1,1,1,1,728.5,694.3,666.6,732.6,980,3802
160000018767,18,"M",1,3,52,"GO","O","D","A",1,1,1,1,1,676.3,681.4,684.2,745.7,980,3767.6
160000041614,21,"M",1,1,33,"RJ","G","D","A",1,1,1,1,1,723.9,754.4,667.6,803.4,980,3929.3
160000642731,17,"M",1,3,53,"DF","P","D","A",1,1,1,1,1,640.6,673.3,641.2,725.7,980,3660.8
160000649581,16,"F",2,3,15,"PA","E","D","A",1,1,1,1,1,613.4,590.3,609.1,694.3,980,3487.1
160000671504,18,"F",1,3,35,"SP","N","D","A",1,1,1,1,1,660,685.6,670.5,743.2,980,3739.3
160000654416,19,"M",4,1,35,"SP","N","D","A",1,1,1,1,1,736,704.3,632.6,854.2,980,3907.1
160000649688,17,"F",3,3,31,"MG","I","D","A",1,1,1,1,1,628.8,648.9,630.4,772.6,980,3660.7
160000649851,22,"F",1,1,15,"PA","Q","D","A",1,1,1,1,1,676.2,718.6,656.4,750.4,980,3781.6
160000636162,25,"F",1,1,33,"RJ","J","D","A",1,1,1,1,1,624.4,653.5,651.4,506.3,980,3415.6
160000638650,18,"F",1,1,43,"RS","L","D","A",1,1,1,1,1,708,694.1,659,817,980,3858.1
160001849965,17,"F",3,3,52,"GO","D","D","A",1,1,1,1,1,546.1,557.6,597.8,632.2,980,3313.7
160001807890,18,"M",3,1,23,"CE","F","D","A",1,1,1,1,1,751.6,736,681.1,857.2,980,4005.9
160001782855,16,"F",1,1,23,"CE","M","D","A",1,1,1,1,1,711.4,711,660.8,704,980,3767.2
160001811692,19,"F",1,1,33,"RJ","N","D","A",1,1,1,1,1,657.1,607.2,594.4,776.8,980,3615.5
160001797770,17,"F",1,3,27,"AL","G","D","A",1,1,1,1,1,484.9,586.2,569.9,460.3,980,3081.3
160001783424,17,"F",1,3,23,"CE","H","D","A",1,1,1,1,1,620.5,627.3,574.9,668.2,980,3470.9
160001801381,17,"F",2,3,35,"SP","J","D","A",1,1,1,1,1,631.8,635.3,604.3,718.2,980,3569.6
160001815883,18,"F",1,1,41,"PR","J","D","A",1,1,1,1,1,699.9,688.5,662.6,791.1,980,3822.1
160001790779,18,"F",0,1,31,"MG","K","A","A",1,1,1,1,1,724.1,648.9,627.3,704.6,980,3684.9
160001801643,32,"F",3,1,21,"MA","B","A","A",1,1,1,1,1,479.9,603.3,535,429.1,980,3027.3
160001798234,17,"M",1,3,31,"MG","J","D","A",1,1,1,1,1,655.4,669.9,629.9,675.7,980,3610.9
160001766017,19,"F",3,1,25,"PB","F","A","A",1,1,1,1,1,589.6,587.3,568.4,557.7,980,3283
160001798307,17,"F",1,2,29,"BA","P","A","A",1,1,1,1,1,652.7,720,670.9,787.8,980,3811.4
160001809228,17,"M",3,3,33,"RJ","Q","D","A",1,1,1,1,1,770.7,763.4,624.4,821.9,980,3960.4
160001762575,18,"F",1,1,51,"MT","I","D","A",1,1,1,1,1,595.8,660.3,541.2,564.9,980,3342.2
160001773551,18,"F",1,1,50,"MS","I","D","A",1,1,1,1,1,594.9,642.8,620.3,735.8,980,3573.8
160001784426,17,"M",3,3,31,"MG","B","E","A",1,1,1,1,1,673.1,649.4,629.5,513.8,980,3445.8
160001781106,16,"F",1,3,33,"RJ","N","D","A",1,1,1,1,1,652,685.4,656.3,673.2,980,3646.9
160001817009,17,"F",2,3,29,"BA","F","D","A",1,1,1,1,1,607.6,651.2,681.7,515.4,980,3435.9
160001777790,18,"F",1,1,42,"SC","F","A","A",1,1,1,1,1,590.7,653.8,649.3,690.4,980,3564.2
160001788575,16,"F",3,1,32,"ES","P","D","A",1,1,1,1,1,615.9,641.9,635.9,606.9,980,3480.6
160008621293,17,"F",0,3,41,"PR","L","D","A",1,1,1,1,1,583.6,650.3,571.8,606.1,980,3391.8
160001810148,17,"F",3,3,24,"RN","P","D","A",1,1,1,1,1,732.9,655.8,649.6,795.7,980,3814
160001767133,22,"F",1,1,43,"RS","O","D","A",1,1,1,1,1,647.2,659.2,646.3,802.4,980,3735.1
160001817403,19,"M",3,1,27,"AL","I","D","A",1,1,1,1,1,651.6,722.3,615.3,764.5,980,3733.7
160001795908,26,"F",1,1,52,"GO","K","D","A",1,1,1,1,1,740.3,711.4,695.9,647.1,980,3774.7
160001785198,19,"M",3,1,23,"CE","B","D","A",1,1,1,1,1,680.9,700.1,644.5,805.4,980,3810.9
160001799515,17,"M",1,1,33,"RJ","I","D","A",1,1,1,1,1,652.1,724.2,623.4,747.1,980,3726.8
160001810417,19,"F",1,1,35,"SP","O","D","A",1,1,1,1,1,750.4,740.5,720.2,903.2,980,4094.3
160001788924,21,"M",1,1,29,"BA","N","D","A",1,1,1,1,1,696.1,656.7,620.1,765.6,980,3718.5
160001807131,17,"F",3,3,26,"PE","K","D","A",1,1,1,1,1,628.4,670.3,544,619.2,980,3441.9
160001775476,17,"F",1,3,33,"RJ","G","D","A",1,1,1,1,1,440.4,618.3,434.9,403,980,2876.6
160002153325,16,"M",3,2,15,"PA","D","A","A",1,1,1,1,1,612.6,626.1,523,469.6,980,3211.3
160002124631,18,"F",3,3,52,"GO","I","D","A",1,1,1,1,1,632.9,632.2,621.9,816.5,980,3683.5
160002146211,17,"M",1,3,35,"SP","O","D","A",1,1,1,1,1,743.3,681.8,624.1,864.9,980,3894.1
160002146223,17,"F",1,2,33,"RJ","K","A","C",1,1,1,1,1,664.7,676.3,596.6,703.2,980,3620.8
160002160594,19,"F",3,1,31,"MG","G","E","A",1,1,1,1,1,716.4,757.6,682.1,751.9,980,3888
160002121261,18,"F",2,1,51,"MT","H","D","A",1,1,1,1,1,577.5,673.9,630.5,521.5,980,3383.4
160002135707,21,"F",1,1,50,"MS","L","D","A",1,1,1,1,1,777.5,738.6,686.2,805.4,980,3987.7
160008596708,20,"F",0,1,31,"MG","D","A","A",1,1,1,1,1,639.5,634.1,674.6,753.6,980,3681.8
160002150331,17,"F",1,1,35,"SP","Q","D","A",1,1,1,1,1,673.5,699.1,681.8,717.8,980,3752.2
160002103814,17,"F",1,2,33,"RJ","B","A","A",1,1,1,1,1,546.7,602.1,454.3,518,980,3101.1
160002136021,17,"F",1,3,43,"RS","Q","D","A",1,1,1,1,1,623,639.7,651.9,765.9,980,3660.5
160002150422,18,"F",3,1,31,"MG","J","A","A",1,1,1,1,1,586.6,625.4,581.9,706.4,980,3480.3
160002111055,18,"F",1,2,35,"SP","H","A","A",1,1,1,1,1,648.8,649.6,644.3,733.5,980,3656.2
160002118420,17,"F",1,3,31,"MG","M","E","A",1,1,1,1,1,664.4,690.9,595.9,764.9,980,3696.1
160002104092,18,"F",1,1,23,"CE","F","D","A",1,1,1,1,1,659.4,702.5,620.6,805.5,980,3768
160002107729,16,"M",3,1,27,"AL","B","A","A",1,1,1,1,1,464.6,622.8,596.5,562.2,980,3226.1
160002157948,17,"M",1,3,35,"SP","N","D","A",1,1,1,1,1,644.5,637.3,536.7,732.4,980,3530.9
160002158057,19,"F",2,1,33,"RJ","G","A","A",1,1,1,1,1,539,614.1,641.5,505.6,980,3280.2
160002111597,18,"F",3,1,26,"PE","L","D","A",1,1,1,1,1,618.3,636.4,604.1,760.3,980,3599.1
160002133146,19,"F",1,1,22,"PI","N","D","A",1,1,1,1,1,685.4,652.2,654.2,784.4,980,3756.2
160002136822,16,"M",3,1,52,"GO","H","E","A",1,1,1,1,1,675,727.5,737.2,797,980,3916.7
160002126081,17,"F",1,3,41,"PR","M","D","A",1,1,1,1,1,630.9,677.6,649.1,575.3,980,3512.9
160002158486,18,"F",1,1,21,"MA","I","D","A",1,1,1,1,1,649.7,602.7,584.8,580.6,980,3397.8
160002129773,31,"F",1,1,51,"MT","D","A","B",1,1,1,1,1,490.9,571.3,497.6,604.4,980,3144.2
160008489339,17,"F",1,3,25,"PB","E","D","A",1,1,1,1,1,590.5,585.6,543.9,581.6,980,3281.6
160002151408,19,"M",3,1,33,"RJ","P","D","A",1,1,1,1,1,583.7,678.1,654.8,691,980,3587.6
160002126304,17,"M",1,2,50,"MS","G","A","A",1,1,1,1,1,677.8,716.4,690.7,773.2,980,3838.1
160008490804,17,"F",1,3,41,"PR","O","D","A",1,1,1,1,1,662.1,674.8,630.5,595.5,980,3542.9
160002112160,18,"F",1,1,31,"MG","H","D","A",1,1,1,1,1,698.5,677.4,621.8,737.2,980,3714.9
160002122980,17,"M",1,3,35,"SP","L","C","A",1,1,1,1,1,668.3,662.5,634.8,682.1,980,3627.7
160002105199,17,"F",3,3,23,"MA","J","D","A",1,1,1,1,1,683.6,644.3,632.4,781.4,980,3721.7
160002130363,19,"F",1,1,35,"SP","M","D","A",1,1,1,1,1,734.5,680.1,667.7,761,980,3823.3
160002133947,19,"F",1,1,31,"SP","B","B","A",1,1,1,1,1,662.1,707.4,634.5,787,980,3771
160002123251,18,"F",1,1,43,"RS","G","A","A",1,1,1,1,1,691.3,667.4,599.6,744.1,980,3682.4
160001431497,16,"F",4,1,15,"PA","C","D","A",1,1,1,1,1,636.2,678.5,587.7,604.2,980,3486.6
160001456582,24,"F",1,1,50,"MS","F","D","A",1,1,1,1,1,592.1,655.5,593.4,639.5,980,3460.5
160001463882,17,"F",3,1,29,"BA","K","A","A",1,1,1,1,1,615.4,635,597.7,643.5,980,3471.6
160001428138,17,"F",1,3,35,"SP","M","E","A",1,1,1,1,1,658,622.3,651.1,555.9,980,3467.3
160008446288,17,"F",1,3,35,"SP","Q","D","A",1,1,1,1,1,657.3,676,655.9,641.1,980,3610.3
160001446250,17,"F",1,3,26,"PE","E","D","A",1,1,1,1,1,584.8,688.7,636.2,751.2,980,3640.9
160001460609,16,"F",1,3,51,"MT","O","D","A",1,1,1,1,1,630.8,701.6,602.2,743.9,980,3658.5
160001424893,19,"F",3,1,31,"MG","F","A","A",1,1,1,1,1,644.4,621.2,649,487.1,980,3381.7
160008540595,21,"F",1,1,43,"RS","I","A","A",1,1,1,1,1,719.6,740.8,681.9,829.2,980,3951.5
160001460684,18,"F",1,3,23,"CE","G","D","A",1,1,1,1,1,477.5,679.8,628.1,487.1,980,3252.5
160001464242,25,"F",3,1,25,"PB","D","E","A",1,1,1,1,1,563.1,568.8,583.5,640.7,980,3336.1
160001475086,19,"M",1,3,31,"MG","L","D","A",1,1,1,1,1,641.3,659.3,589.9,677.9,980,3548.4
160001471541,18,"F",1,3,35,"SP","I","D","A",1,1,1,1,1,615.5,670.8,671.7,708.1,980,3646.1
160001475189,19,"F",1,1,31,"MG","P","D","A",1,1,1,1,1,787.3,712.4,651.1,823.3,980,3954.1
160001428643,17,"F",1,3,35,"SP","O","E","A",1,1,1,1,1,732.1,699.1,683.3,872.3,980,3966.8
160001443083,17,"M",1,3,15,"PA","J","D","A",1,1,1,1,1,642.1,623.7,577.7,779,980,3602.5
160001475523,17,"F",1,3,41,"PR","I","D","A",1,1,1,1,1,558.9,651.5,642.9,471.2,980,3304.5
160001461164,18,"F",3,1,23,"CE","E","D","B",1,1,1,1,1,503.7,639.4,603.4,612.6,980,3339.1
160001432573,18,"F",1,1,31,"MG","O","D","A",1,1,1,1,1,643.6,688.5,680.6,761.8,980,3754.5
160000537554,19,"F",1,1,33,"RJ","O","D","B",1,1,1,1,1,756.5,722.5,619.6,879.8,980,3958.4
160000504425,15,"F",1,1,23,"CE","L","D","B",1,1,1,1,1,656,627.2,631.3,768.4,980,3662.9
160000516714,29,"F",1,1,26,"PE","H","D","A",1,1,1,1,1,738.4,739.9,722.9,823.1,980,4004.3
160000518977,18,"M",3,1,21,"MA","I","D","A",1,1,1,1,1,595.8,610.8,547,592,980,3325.6
160000525416,17,"F",1,3,41,"PR","H","D","A",1,1,1,1,1,657.8,632.7,654.3,724.1,980,3648.9
160000525694,18,"F",3,3,23,"CE","F","E","A",1,1,1,1,1,632.4,688.4,630.8,520.1,980,3451.7
160000534389,20,"M",1,1,33,"RJ","Q","D","A",1,1,1,1,1,707.3,684.4,652.4,793.9,980,3818
160000536742,18,"F",1,3,33,"RJ","K","D","A",1,1,1,1,1,644.1,711.1,640.9,740.6,980,3716.7
160000539278,17,"M",1,3,35,"SP","I","D","A",1,1,1,1,1,748.3,662.5,658,830.9,980,3879.7
160000511217,18,"F",1,3,31,"MG","K","D","A",1,1,1,1,1,622.4,630.1,627.5,699.2,980,3559.2
160000514396,20,"F",3,1,23,"CE","G","D","A",1,1,1,1,1,700.1,723.6,671.1,854.2,980,3929
160008486139,18,"F",1,1,35,"SP","Q","D","A",1,1,1,1,1,722.6,658.8,670.6,739.4,980,3771.4
160000443442,18,"F",3,1,22,"PI","G","E","A",1,1,1,1,1,635.6,678.3,641.1,648.4,980,3583.4
160000447433,19,"M",1,1,33,"RJ","J","D","A",1,1,1,1,1,776.9,720,695.3,872.9,980,4045.1
160000447452,25,"M",3,1,24,"RN","B","C","A",1,1,1,1,1,619,661.9,586.1,501.8,980,3348.8
160000397190,18,"M",3,3,23,"CE","O","D","A",1,1,1,1,1,597.2,714.7,689.6,623.8,980,3605.3
160008622824,20,"F",0,1,35,"SP","N","E","A",1,1,1,1,1,686.5,710.5,681.2,749.2,980,3807.4
160000416386,18,"M",1,1,23,"CE","Q","D","B",1,1,1,1,1,761.1,740.3,637.4,828.4,980,3947.2
160000419791,16,"M",3,2,28,"SE","B","A","A",1,1,1,1,1,772.5,828.5,674.1,866,980,4121.1
160000426302,18,"M",2,3,22,"PI","I","D","B",1,1,1,1,1,707.3,752.3,702.1,807.9,980,3949.6
160000426740,18,"F",1,3,32,"ES","O","D","A",1,1,1,1,1,598.5,646.7,596,679.1,980,3500.3
160000413266,19,"F",1,1,35,"SP","K","D","A",1,1,1,1,1,686.7,714.8,630.1,650.3,980,3661.9
160000404945,25,"M",3,1,29,"BA","G","A","A",1,1,1,1,1,603.7,656.6,647,653.8,980,3541.1
160000584406,18,"F",1,3,52,"GO","O","D","A",1,1,1,1,1,578.2,684.3,684.9,631.5,980,3558.9
160000584411,18,"F",1,1,24,"RN","E","D","A",1,1,1,1,1,694.4,612.8,596.3,676.3,980,3559.8
160000592230,19,"F",3,1,29,"BA","F","A","A",1,1,1,1,1,600.9,680.5,623.4,634.8,980,3519.6
160000581746,15,"F",1,1,23,"CE","D","E","A",1,1,1,1,1,569.1,630,587.4,781.1,980,3547.6
160000614791,22,"F",3,1,15,"PA","A","D","A",1,1,1,1,1,596.4,622.8,568.6,663.3,980,3431.1
160000605501,18,"F",1,3,23,"CE","G","E","B",1,1,1,1,1,686.4,614.8,649.5,699.1,980,3629.8
160000605545,19,"M",3,1,52,"GO","G","A","A",1,1,1,1,1,667.9,681.7,672.5,704.7,980,3706.8
160001447149,20,"F",3,1,31,"MG","M","D","A",1,1,1,1,1,703.7,693.3,609.9,796.2,980,3783.1
160001223775,18,"F",4,1,50,"MS","E","D","A",1,1,1,1,1,681.8,755,650.5,718.5,980,3785.8
160001202178,19,"F",1,1,23,"CE","E","D","A",1,1,1,1,1,721.3,754,673.4,695.4,980,3824.1
160001216633,17,"F",1,3,24,"RN","N","D","A",1,1,1,1,1,729.3,681.4,665.6,750.9,980,3807.2
160002105450,19,"F",1,1,52,"GO","J","D","A",1,1,1,1,1,689,715.5,606.2,730.2,980,3720.9
160002109037,16,"F",1,1,35,"SP","G","D","A",1,1,1,1,1,624.9,757.9,702.5,670.5,980,3735.8
160002141339,21,"F",3,1,23,"CE","D","E","B",1,1,1,1,1,612,704.5,638.2,570.7,980,3505.4
160002130702,18,"F",1,3,35,"SP","I","D","A",1,1,1,1,1,673.2,649.4,652.3,777,980,3731.9
160002109353,19,"M",3,1,25,"PB","F","D","A",1,1,1,1,1,570.5,623.8,465.5,687.5,980,3327.3
160002148793,17,"F",3,1,33,"RJ","G","A","A",1,1,1,1,1,568,643.8,572.4,698.5,980,3462.7
160002123775,18,"F",1,1,26,"PE","B","D","A",1,1,1,1,1,496.5,516,425.9,442.9,980,2861.3
160002134496,18,"M",1,1,26,"PE","Q","A","A",1,1,1,1,1,807.2,783.6,695.3,871.9,980,4138
160002156057,18,"F",1,1,53,"DF","P","D","A",1,1,1,1,1,692.2,710.3,681.8,850.5,980,3914.8
160002156088,17,"F",1,3,35,"SP","A","D","A",1,1,1,1,1,678.6,703.3,667.7,802.3,980,3831.9
160002130998,19,"F",1,1,43,"RS","F","A","A",1,1,1,1,1,694.9,632.4,660.4,740.5,980,3708.2
160002134611,19,"F",1,1,31,"MG","J","A","A",1,1,1,1,1,720,728.7,697,841.3,980,3967
160002138333,17,"F",1,3,35,"SP","J","D","A",1,1,1,1,1,634.6,653.6,666.4,731.7,980,3666.3
160002120478,21,"F",1,1,35,"SP","Q","D","A",1,1,1,1,1,744.5,728.3,695.9,764.4,980,3913.1
160002124085,17,"F",3,3,22,"PI","J","E","A",1,1,1,1,1,662.4,671.7,653.2,830.7,980,3798
160002149322,16,"F",1,1,35,"SP","G","E","A",1,1,1,1,1,497.8,612.2,623.6,553.6,980,3267.2
160001941062,18,"F",1,1,24,"RN","P","D","A",1,1,1,1,1,703.9,670.6,670.4,627.3,980,3652.2
160001944779,18,"M",1,3,35,"SP","L","E","A",1,1,1,1,1,637.4,622,604.4,679.5,980,3523.3
160001948464,17,"M",1,3,33,"RJ","Q","D","A",1,1,1,1,1,565.8,609.8,607.4,580.3,980,3343.3
160002340037,17,"F",1,3,31,"MG","N","D","A",1,1,1,1,1,651.7,669.1,612.8,806.8,980,3720.4
160002369140,22,"F",1,1,31,"MG","I","D","A",1,1,1,1,1,627.7,612.2,631,636.7,980,3487.6
160002379979,17,"F",3,3,15,"PA","F","D","A",1,1,1,1,1,584.1,678.1,583.5,717.8,980,3543.5
160002336567,17,"F",1,3,24,"RN","Q","D","A",1,1,1,1,1,690.4,648.7,651.7,787.3,980,3758.1
160002372869,19,"F",1,1,26,"PE","C","D","A",1,1,1,1,1,559.6,635.2,557.5,565.4,980,3297.7
160002369285,16,"F",1,1,51,"MT","N","D","A",1,1,1,1,1,670.7,693.7,685.8,768.6,980,3798.8
160002336665,18,"M",3,1,26,"CE","J","B","A",1,1,1,1,1,736.3,746.6,671.8,797.3,980,3932
160002347587,19,"F",1,1,41,"PR","J","A","A",1,1,1,1,1,633.9,632.6,634.6,701.4,980,3582.5
160002344023,17,"F",1,3,35,"SP","H","E","A",1,1,1,1,1,613.5,678.3,659.2,610.2,980,3541.2
160002376688,25,"F",0,1,31,"MG","G","D","A",1,1,1,1,1,645.9,659.5,660.1,752.2,980,3697.7
160002380313,16,"F",1,3,51,"MT","J","D","A",1,1,1,1,1,620.5,612.9,595.5,680.1,980,3489
160002340543,23,"F",1,1,31,"MG","N","A","A",1,1,1,1,1,685.3,733.8,705.1,758.5,980,3862.7
160002355108,19,"F",3,1,31,"MG","K","D","A",1,1,1,1,1,682.6,677.7,647.8,744.1,980,3732.2
160002380482,19,"M",1,1,35,"SP","J","A","A",1,1,1,1,1,694,677.6,651.7,518,980,3521.3
160002376918,20,"F",3,1,24,"RN","J","A","A",1,1,1,1,1,666.7,701,675.8,710.7,980,3734.2
160002351622,17,"M",1,3,53,"DF","P","D","A",1,1,1,1,1,683.2,825.6,695.5,810.6,980,3994.9
160002369759,20,"F",1,1,43,"RS","L","A","A",1,1,1,1,1,693.8,657.7,616.5,755.6,980,3703.6
160002384235,19,"F",3,1,42,"SC","I","B","A",1,1,1,1,1,750.4,701.2,676.3,823.7,980,3931.6
160002348031,22,"M",3,1,26,"PE","D","A","A",1,1,1,1,1,621.9,644.2,452.4,714.3,980,3412.8
160002362760,17,"F",1,3,33,"RJ","G","D","A",1,1,1,1,1,641.6,635.9,654,654.7,980,3566.2
160002381112,18,"F",1,3,23,"CE","G","D","A",1,1,1,1,1,607.4,620.8,577.3,647.8,980,3433.3
160002370665,24,"F",3,1,52,"GO","C","A","A",1,1,1,1,1,568.3,583.4,609.7,565,980,3306.4
160002381497,18,"F",1,1,33,"RJ","H","D","A",1,1,1,1,1,657,694.4,618.3,757.5,980,3707.2
160002377981,18,"F",1,1,52,"GO","M","D","A",1,1,1,1,1,701.3,771.2,728.1,814.4,980,3995
160002363572,17,"F",1,3,33,"RJ","Q","D","A",1,1,1,1,1,597.6,607.7,724.6,814.6,980,3724.5
160002331035,19,"F",3,1,52,"GO","O","D","A",1,1,1,1,1,750,726.1,636,799.7,980,3891.8
160002341944,18,"F",1,3,52,"GO","I","D","A",1,1,1,1,1,659.2,670.2,688.5,752.2,980,3750.1
160002327580,18,"F",1,3,26,"PE","P","D","A",1,1,1,1,1,668.2,740.7,693.5,774.1,980,3856.5
160002356745,20,"F",1,1,28,"SE","J","D","A",1,1,1,1,1,693.3,674.6,579.4,743.1,980,3670.4
160002378490,17,"M",1,3,53,"DF","Q","D","A",1,1,1,1,1,641.2,726,648.4,764,980,3759.6
160002335011,17,"M",3,1,27,"AL","I","D","A",1,1,1,1,1,667.5,713.6,596.8,676.2,980,3634.1
160002371310,18,"M",3,1,21,"MA","K","D","A",1,1,1,1,1,737.9,751,741.8,790.5,980,4001.2
160002367818,18,"F",1,1,43,"RS","N","A","A",1,1,1,1,1,627,679.1,654.9,681.8,980,3622.8
160002335217,15,"F",3,1,50,"MS","F","E","A",1,1,1,1,1,607.4,638.5,638.4,656.5,980,3520.8
160002346085,17,"M",1,3,23,"CE","G","D","A",1,1,1,1,1,494.5,682.7,567.8,659.9,980,3384.9
160002375155,18,"F",1,1,24,"RN","C","B","A",1,1,1,1,1,747.4,764.5,712.2,848.8,980,4052.9
160002338953,18,"M",1,1,27,"AL","I","D","A",1,1,1,1,1,678.8,717.6,664.7,851.4,980,3892.5
160002382532,17,"M",1,3,35,"SP","E","C","A",1,1,1,1,1,751.1,664.7,636.2,953.7,980,3985.7
160002328203,17,"F",3,2,15,"PA","H","A","A",1,1,1,1,1,696.5,715.3,667,677.1,980,3735.9
160002339058,17,"F",4,3,35,"SP","Q","D","A",1,1,1,1,1,606.1,674.3,638.3,680.8,980,3579.5
160002346313,19,"M",1,1,52,"GO","L","D","A",1,1,1,1,1,719.1,710.9,705.3,841.7,980,3957
160002339107,18,"F",3,3,52,"GO","O","D","A",1,1,1,1,1,684.4,728.1,689.6,771.8,980,3853.9
160002379038,17,"F",0,3,52,"GO","P","D","A",1,1,1,1,1,636.6,650.9,647.2,739.6,980,3654.3
160002346467,16,"F",1,3,27,"AL","H","E","A",1,1,1,1,1,678.4,686.7,631.8,612.2,980,3589.1
160002353761,19,"F",3,2,31,"MG","I","A","A",1,1,1,1,1,646.1,714.8,641.4,731.9,980,3714.2
160002357452,17,"F",3,2,52,"GO","D","A","A",1,1,1,1,1,569.8,597.5,550.6,548.7,980,3246.6
160002335727,20,"F",1,1,35,"SP","N","D","B",1,1,1,1,1,656.4,718.8,655.1,665.8,980,3676.1
160002335735,18,"M",1,1,33,"RJ","Q","D","A",1,1,1,1,1,728,736.6,687.5,925.1,980,4057.2
160002364777,19,"F",1,1,33,"RJ","L","E","A",1,1,1,1,1,637.1,665.1,615,641,980,3538.2
160002332215,17,"M",1,3,31,"MG","N","D","A",1,1,1,1,1,674.6,668.6,665.3,790.3,980,3778.8
160002335823,18,"M",1,1,24,"RN","Q","D","A",1,1,1,1,1,768.1,680.6,712,757.6,980,3898.3
160002368548,18,"M",4,1,22,"PI","I","A","A",1,1,1,1,1,706,714.5,561.1,906.7,980,3868.3
160002328741,22,"F",1,1,35,"SP","K","D","A",1,1,1,1,1,717.4,733.1,628.6,813.9,980,3873
160002354177,17,"M",3,3,22,"PI","O","D","B",1,1,1,1,1,817.9,787.5,694.1,938.1,980,4217.6
160002001624,17,"M",3,3,22,"PI","K","D","B",1,1,1,1,1,656.8,632.6,620.2,817.5,980,3707.1
160002023275,21,"M",0,1,33,"RJ","N","D","A",1,1,1,1,1,706.9,690.3,703.5,805.9,980,3886.6
160002346912,17,"M",3,2,31,"MG","H","A","A",1,1,1,1,1,667.8,671.2,634.6,638.3,980,3591.9
160002383278,19,"M",1,1,35,"SP","O","D","A",1,1,1,1,1,645.9,699.3,645.6,650.9,980,3621.7
160002336311,17,"M",1,3,43,"RS","N","B","A",1,1,1,1,1,624.6,696.5,638.2,602.4,980,3541.7
160002337685,17,"F",1,3,24,"RN","M","B","A",1,1,1,1,1,705.6,690.5,685.1,816.1,980,3877.3
160001908111,20,"M",3,1,31,"MG","G","A","A",1,1,1,1,1,674.4,717,666,747.3,980,3784.7
160001893791,18,"M",1,1,35,"SP","I","A","A",1,1,1,1,1,667.9,702.3,689.6,738.7,980,3778.5
160001901239,17,"F",1,1,31,"MG","P","D","A",1,1,1,1,1,756.5,686.9,687.5,845,980,3955.9
160001929946,18,"F",3,1,21,"MA","H","B","A",1,1,1,1,1,679.7,743.9,665,761,980,3829.6
160001915631,20,"F",1,1,41,"PR","J","A","A",1,1,1,1,1,706.7,685.2,669.1,730.9,980,3771.9
160001926660,29,"M",0,1,31,"MG","O","D","A",1,1,1,1,1,679.9,688.7,611.9,885.3,980,3845.8
160001894622,19,"M",3,1,23,"CE","D","A","A",1,1,1,1,1,668.8,740,648.4,604.2,980,3641.4
160001898269,19,"M",3,1,23,"CE","N","D","A",1,1,1,1,1,756.3,683.8,619.7,801.7,980,3841.5
160001919793,18,"M",3,2,13,"AM","E","A","A",1,1,1,1,1,599.7,725.2,637.2,681,980,3623.1
160001891204,19,"M",1,1,33,"RJ","O","D","A",1,1,1,1,1,762.3,759.5,664.5,811.6,980,3977.9
160001884119,23,"F",3,1,52,"GO","C","E","A",1,1,1,1,1,713.1,708.6,657.8,691.1,980,3750.6
160001905655,17,"F",1,3,52,"GO","Q","D","A",1,1,1,1,1,761.6,760.6,732.7,846.6,980,4081.5
160001912922,18,"M",1,1,33,"RJ","L","D","A",1,1,1,1,1,662.3,630.5,648.2,656.5,980,3577.5
160001916498,30,"F",3,1,17,"TO","E","A","A",1,1,1,1,1,617.1,697,601.3,620.7,980,3516.1
160001905792,18,"F",1,1,51,"MT","C","C","A",1,1,1,1,1,526.7,571.3,564.3,403.2,980,3045.5
160001909458,23,"M",1,1,26,"PE","I","D","A",1,1,1,1,1,626.7,664.3,595.6,822.4,980,3689
160001877104,20,"M",1,1,22,"PI","H","D","A",1,1,1,1,1,771.2,750.6,587.5,860,980,3949.3
160001895116,16,"F",1,3,15,"PA","A","B","B",1,1,1,1,1,629.9,636.6,615.1,621.3,980,3482.9
160001906295,17,"F",1,3,26,"PE","B","E","A",1,1,1,1,1,540,611,625.6,600.8,980,3357.4
160001885136,18,"F",2,1,31,"MG","G","E","A",1,1,1,1,1,692.7,749.6,633.1,646.4,980,3701.8
160001885255,18,"F",3,3,23,"CE","F","D","A",1,1,1,1,1,675,678.5,644.1,677.8,980,3655.4
160001903284,19,"M",1,1,33,"RJ","B","A","A",1,1,1,1,1,578.4,664.3,620.8,635.4,980,3478.9
160001888984,23,"M",3,1,29,"BA","C","A","A",1,1,1,1,1,613.7,659.2,634.7,589.5,980,3477.1
160001921830,29,"F",1,1,52,"GO","H","D","A",1,1,1,1,1,736.9,657.5,702.3,662.7,980,3739.4
160001900407,19,"M",1,1,33,"RJ","L","D","A",1,1,1,1,1,731,668.5,654.4,802.3,980,3836.2
160002193337,21,"F",1,1,35,"SP","D","A","A",1,1,1,1,1,689,676.4,653.7,549.3,980,3548.4
160002182583,26,"M",1,1,26,"PE","C","C","C",1,1,1,1,1,686.4,729.3,662.4,761.1,980,3819.2
160002182789,27,"M",3,1,12,"AC","G","A","B",1,1,1,1,1,526.8,657.4,590.7,505.9,980,3260.8
160002190079,23,"M",0,1,25,"PB","C","B","A",1,1,1,1,1,634.9,735.4,742.4,699.9,980,3792.6
160002161305,19,"M",1,1,24,"RN","B","A","A",1,1,1,1,1,559.6,615.4,507.9,529.8,980,3192.7
160002197378,18,"M",1,1,24,"RN","F","A","A",1,1,1,1,1,482.6,651,641.1,708.9,980,3463.6
160002168641,18,"F",3,1,52,"GO","J","A","A",1,1,1,1,1,525.5,564.2,543.7,485,980,3098.4
160002161520,18,"M",3,1,25,"PB","J","D","A",1,1,1,1,1,668.8,699.1,641.7,715.6,980,3705.2
160002172285,17,"F",1,3,26,"PE","G","D","A",1,1,1,1,1,635.2,625,627.9,775.3,980,3643.4
160002201193,22,"F",1,1,15,"PA","N","A","A",1,1,1,1,1,627.8,672.2,596.8,730.8,980,3607.6
160002204766,21,"F",3,1,23,"CE","F","A","A",1,1,1,1,1,587.1,597.9,582.7,547.3,980,3295
160002208423,18,"F",3,2,31,"MG","E","A","A",1,1,1,1,1,652.4,671.2,640.4,661.1,980,3605.1
160002172471,20,"F",1,1,31,"MG","D","C","A",1,1,1,1,1,626.4,598.6,669.8,652.7,980,3527.5
160002190507,18,"F",1,1,23,"CE","B","A","A",1,1,1,1,1,531.9,598,554.4,459.8,980,3124.1
160002194098,18,"M",1,1,27,"AL","H","E","A",1,1,1,1,1,697.8,787.8,659.6,618.9,980,3744.1
160002204908,18,"F",1,1,50,"SP","J","E","A",1,1,1,1,1,708.2,718.2,676.1,774.4,980,3856.9
160002165303,19,"M",1,1,35,"SP","Q","D","A",1,1,1,1,1,754.7,764.2,683.4,887.2,980,4069.5
160002190682,18,"F",3,3,23,"CE","G","D","A",1,1,1,1,1,681.6,696.7,650.3,797.3,980,3805.9
160002191081,17,"F",3,3,23,"CE","G","D","A",1,1,1,1,1,663.2,666.3,632.7,801.2,980,3743.4
160002216367,17,"F",3,3,23,"CE","D","D","A",1,1,1,1,1,630.2,743.4,641.6,657.5,980,3652.7
160000643303,19,"F",1,1,31,"MG","N","D","A",1,1,1,1,1,693.9,655,660.9,821.1,980,3810.9
160000657370,18,"M",3,1,42,"MA","D","C","A",1,1,1,1,1,701.4,614.8,636.5,817.1,980,3749.8
160008624058,18,"M",3,3,26,"PE","D","D","A",1,1,1,1,1,587.8,645.3,603.6,705.1,980,3521.8
160000648027,20,"F",1,1,29,"BA","F","A","A",1,1,1,1,1,694.1,759.1,657.5,768.4,980,3859.1
160000652875,17,"F",1,3,52,"GO","P","D","A",1,1,1,1,1,703.8,650.7,687.6,794.2,980,3816.3
160000643624,21,"F",3,1,15,"PA","J","D","A",1,1,1,1,1,713.2,743.5,641.1,796.8,980,3874.6
160000648344,19,"F",0,1,43,"RS","B","A","A",1,1,1,1,1,639.3,684.1,605.7,656.7,980,3565.8
160000648372,18,"F",3,1,23,"CE","L","D","A",1,1,1,1,1,667.9,710.9,675.4,699.4,980,3733.6
160000644251,19,"F",1,1,26,"PE","L","D","A",1,1,1,1,1,677.6,648.8,601.7,749.7,980,3657.8
160000653677,18,"F",3,3,23,"CE","G","E","A",1,1,1,1,1,466.7,577.8,523.2,442.3,980,2990
160000646843,17,"F",1,1,52,"GO","G","E","A",1,1,1,1,1,706.6,747.3,665.9,608.8,980,3708.6
160000649162,18,"F",1,1,26,"PE","N","A","A",1,1,1,1,1,658.3,682.4,604.4,739.8,980,3664.9
160000658512,18,"F",3,2,29,"BA","D","A","A",1,1,1,1,1,572.7,630.6,601.2,595.5,980,3380
160000320526,18,"F",1,1,31,"MG","P","D","A",1,1,1,1,1,738.5,739.2,666,820.5,980,3944.2
160000149590,19,"F",1,1,33,"RJ","L","A","B",1,1,1,1,1,641.6,655.6,612.7,658.8,980,3548.7
160000170527,19,"F",3,1,22,"PI","J","A","A",1,1,1,1,1,567.5,652.7,606.7,541,980,3347.9
160000167964,23,"M",3,1,25,"PB","F","B","A",1,1,1,1,1,724.8,705.2,613.9,797.3,980,3821.2
160000155197,18,"F",1,1,35,"SP","N","D","A",1,1,1,1,1,679.8,693.6,630.3,776.2,980,3759.9
160000189702,16,"F",1,1,35,"SP","J","D","A",1,1,1,1,1,661.8,671,672.1,760.4,980,3745.3
160000155578,17,"F",3,1,21,"MA","J","B","A",1,1,1,1,1,637,679.5,636.3,733.2,980,3666
160000158372,17,"F",1,3,24,"RN","P","D","B",1,1,1,1,1,719.3,698.6,765.8,779.9,980,3943.6
160000163631,18,"F",1,1,35,"SP","I","D","A",1,1,1,1,1,621.9,649.9,622,556.7,980,3430.5
160000176762,18,"M",1,1,23,"CE","E","A","A",1,1,1,1,1,569.3,689.9,623.3,678.9,980,3541.4
160000182104,18,"F",1,3,23,"CE","M","D","A",1,1,1,1,1,608.2,628.6,624.6,663.4,980,3504.8
160000187544,19,"M",2,1,33,"RJ","E","D","B",1,1,1,1,1,695.8,691.8,676.2,714.8,980,3758.6
160008535526,19,"F",1,1,25,"PB","E","D","A",1,1,1,1,1,598.7,652.5,631.3,579.8,980,3442.3
160000148275,18,"F",4,3,23,"CE","I","D","A",1,1,1,1,1,544.7,618.3,643.7,585.5,980,3372.2
160000151644,17,"M",3,3,23,"CE","E","D","A",1,1,1,1,1,655.5,653.4,454,735.3,980,3478.2
160000149153,18,"F",1,1,35,"SP","H","D","A",1,1,1,1,1,665.9,698.1,659.7,626.3,980,3630
160000169616,17,"F",1,1,35,"SP","P","D","A",1,1,1,1,1,614.6,603.8,588,732.1,980,3518.5
160000151976,17,"F",3,2,52,"GO","E","A","C",1,1,1,1,1,617.1,639.8,614.7,523.8,980,3375.4
160000149358,18,"F",1,2,35,"SP","E","A","A",1,1,1,1,1,564,633.7,620,430.1,980,3227.8
160002173269,19,"M",2,2,33,"RJ","P","A","A",1,1,1,1,1,713.7,718.2,640.1,842.2,980,3894.2
160002177283,18,"F",3,1,25,"PB","L","D","A",1,1,1,1,1,634.9,647.7,563.6,682.7,980,3508.9
160002482228,17,"F",1,3,35,"SP","I","E","A",1,1,1,1,1,641.3,660.5,689.1,686.2,980,3657.1
160002457148,21,"F",2,1,33,"RJ","N","D","A",1,1,1,1,1,654.8,727,712.5,850.3,980,3924.6
160002446372,19,"M",3,1,25,"PB","G","E","A",1,1,1,1,1,706.4,664.4,634,720.6,980,3705.4
160002449982,21,"F",3,1,11,"RO","I","D","A",1,1,1,1,1,634.7,648,618.8,785.1,980,3666.6
160002471958,21,"F",1,1,27,"PE","N","A","A",1,1,1,1,1,658.5,727.3,660.3,697.6,980,3723.7
160002468436,16,"F",3,1,23,"CE","P","D","A",1,1,1,1,1,676.9,661.1,594,772.1,980,3684.1
160002483019,20,"F",3,1,31,"MG","G","A","A",1,1,1,1,1,651,648,596.3,662.9,980,3538.2
160002490289,18,"F",1,3,33,"RJ","O","D","A",1,1,1,1,1,640.1,753.8,681.3,798.6,980,3853.8
160002454304,17,"F",3,1,15,"PA","H","D","A",1,1,1,1,1,661.3,740.3,625.1,789,980,3795.7
160002483303,18,"M",1,1,43,"RS","G","A","A",1,1,1,1,1,612.5,654.5,608.6,745,980,3600.6
160002465390,18,"F",1,1,21,"MA","J","D","A",1,1,1,1,1,561.8,637.8,579.5,642.7,980,3401.8
160002451017,20,"M",1,1,33,"RJ","J","D","A",1,1,1,1,1,816.4,728.8,698,849.5,980,4072.7
160002461902,21,"M",3,1,31,"MG","N","D","A",1,1,1,1,1,689.4,707.2,694.2,903.6,980,3974.4
160002476356,18,"M",3,1,24,"RN","C","A","A",1,1,1,1,1,700.8,660,650.7,783.8,980,3775.3
160002458357,18,"M",1,1,14,"RR","G","B","A",1,1,1,1,1,668.8,661,545.4,756.4,980,3611.6
160002469241,17,"F",1,3,35,"SP","J","D","A",1,1,1,1,1,692.1,765.4,713.2,799.9,980,3950.6
160002487362,17,"M",1,3,32,"ES","G","E","A",1,1,1,1,1,603.8,639.6,633.9,876,980,3733.3
160002491082,18,"F",1,1,33,"RJ","M","D","A",1,1,1,1,1,626.1,687.1,633,591,980,3517.2
160002451457,19,"F",1,1,15,"PA","N","D","A",1,1,1,1,1,655.1,630.4,595.1,747.9,980,3608.5
160002469654,16,"F",1,3,33,"RJ","C","E","A",1,1,1,1,1,616.2,727.6,661.8,618.3,980,3603.9
160002487801,17,"F",1,3,25,"PB","P","D","A",1,1,1,1,1,722.7,750,712,928,980,4092.7
160002444426,18,"M",3,1,29,"BA","F","A","A",1,1,1,1,1,587.9,582.7,523.2,605.3,980,3279.1
160002412913,22,"F",3,1,24,"RN","M","A","A",1,1,1,1,1,676.3,720.1,687.7,692,980,3756.1
160002427616,17,"F",1,2,26,"PE","Q","A","A",1,1,1,1,1,743.2,770.3,684.8,964.5,980,4142.8
160002388345,17,"M",1,3,33,"RJ","Q","D","A",1,1,1,1,1,721.5,711.5,670.9,798.8,980,3882.7
160002402797,18,"F",1,1,24,"RN","Q","D","A",1,1,1,1,1,659.4,663,650.4,822.3,980,3775.1
160002388558,25,"M",3,1,33,"RJ","C","A","A",1,1,1,1,1,615.6,673.5,576.4,618,980,3463.5
160002420878,20,"F",3,1,15,"PA","D","A","A",1,1,1,1,1,528.4,610.6,527.8,588.8,980,3235.6
160008598802,21,"F",1,1,33,"RJ","H","B","A",1,1,1,1,1,598.8,612.7,559.3,471.2,980,3222
160002438884,17,"M",1,3,23,"CE","O","D","A",1,1,1,1,1,819.2,797.7,740.9,932.1,980,4269.9
160002403217,16,"F",1,1,27,"AL","M","D","A",1,1,1,1,1,616.2,676.9,632.5,586.1,980,3491.7
160002410418,19,"F",3,1,24,"RN","I","D","A",1,1,1,1,1,741,683.8,622.6,856.7,980,3884.1
160002396171,19,"M",2,1,29,"BA","F","A","A",1,1,1,1,1,611.6,720.1,671.3,589.2,980,3572.2
160002425154,17,"F",1,3,35,"SP","F","E","A",1,1,1,1,1,672.4,752.1,702.4,697.6,980,3804.5
160002414520,19,"M",1,1,35,"SP","H","A","B",1,1,1,1,1,683.4,673.6,640.5,686.5,980,3664
160002403882,21,"F",1,1,33,"RJ","E","A","B",1,1,1,1,1,637.8,674,605.1,733.9,980,3630.8
160002407584,18,"M",3,3,31,"RJ","E","E","A",1,1,1,1,1,678.6,690,632.8,800.1,980,3781.5
160002432783,20,"M",1,1,32,"ES","D","D","A",1,1,1,1,1,619.6,665.4,478.5,678.6,980,3422.1
160002400583,26,"F",1,1,42,"SC","Q","D","A",1,1,1,1,1,605,705.1,685.8,607.1,980,3583
160002422419,18,"F",3,1,27,"AL","G","D","A",1,1,1,1,1,591.4,615.3,598.5,532,980,3317.2
160002404617,18,"F",2,2,33,"RJ","E","A","A",1,1,1,1,1,590.2,586.3,587,648,980,3391.5
160002422858,18,"F",1,1,25,"PB","M","D","A",1,1,1,1,1,654.5,660.4,635.9,659.8,980,3590.6
160002412252,17,"F",1,2,35,"SP","F","A","A",1,1,1,1,1,618.4,648.8,612.9,508.5,980,3368.6
160002189351,18,"F",1,3,22,"PI","Q","D","B",1,1,1,1,1,679.4,732.2,573.2,888.3,980,3853.1
160002182351,18,"M",3,3,23,"CE","Q","E","A",1,1,1,1,1,782.2,750.4,704.8,912.8,980,4130.2
160002193106,16,"F",0,3,52,"GO","Q","D","A",1,1,1,1,1,657.1,708.4,693.9,475.9,980,3515.3
160002189608,19,"F",3,1,42,"RS","C","A","A",1,1,1,1,1,484.2,576.6,571.7,572.9,980,3185.4
160002504833,16,"F",3,3,22,"PI","E","D","A",1,1,1,1,1,555.9,587.7,580.4,468.4,980,3172.4
160002507053,17,"F",1,2,41,"PR","J","A","B",1,1,1,1,1,695.7,696.3,632.8,795.4,980,3800.2
160002525472,22,"F",3,1,32,"ES","I","A","A",1,1,1,1,1,648.4,679.6,596,650,980,3554
160002505681,17,"M",3,2,23,"CE","D","A","A",1,1,1,1,1,569.2,665.5,624.5,676.7,980,3515.9
160002513062,17,"F",3,2,31,"MG","C","A","A",1,1,1,1,1,530.1,603.9,607.8,575.7,980,3297.5
160002509621,18,"M",1,1,52,"GO","I","D","A",1,1,1,1,1,730.8,802.3,646.9,717,980,3877
160002522354,18,"F",3,3,22,"PI","Q","D","C",1,1,1,1,1,674.5,643,620.6,849.2,980,3767.3
160002527886,16,"F",3,3,23,"CE","H","E","A",1,1,1,1,1,787.8,712.5,728.4,922.2,980,4130.9
160002520755,18,"F",3,2,31,"MG","K","A","A",1,1,1,1,1,810.4,732.9,714.2,916.8,980,4154.3
160002525191,22,"F",1,1,50,"MS","Q","B","A",1,1,1,1,1,652.1,737.7,688.1,797,980,3854.9
160002501631,17,"F",1,2,35,"SP","D","A","B",1,1,1,1,1,544.5,620.8,601.7,365.7,980,3112.7
160002451973,18,"M",2,2,33,"RJ","C","A","B",1,1,1,1,1,657,654.1,596.2,755.2,980,3642.5
160002444990,20,"F",1,1,29,"BA","N","D","A",1,1,1,1,1,578.5,604.2,672.1,436,980,3270.8
160002448831,18,"M",1,1,43,"RS","E","A","C",1,1,1,1,1,658.3,673.6,626.4,836.6,980,3774.9
160002474213,18,"M",3,3,31,"MG","I","D","A",1,1,1,1,1,602.7,748.7,719.6,779.6,980,3830.6
160000302000,19,"F",1,1,23,"CE","I","D","A",1,1,1,1,1,621.9,670.4,618.6,727,980,3617.9
160002442276,17,"F",1,2,43,"RS","L","A","A",1,1,1,1,1,696.3,712.1,684.1,770.8,980,3843.3
160002287551,17,"M",0,2,33,"RJ","E","A","A",1,1,1,1,1,668.7,660.2,628.3,618.3,980,3555.5
160002294221,21,"F",3,1,52,"GO","G","A","A",1,1,1,1,1,601.5,613.5,577.8,688.2,980,3461
160000289370,18,"M",3,1,23,"CE","J","D","A",1,1,1,1,1,732,711.9,658.4,858.9,980,3941.2
160002223087,18,"F",1,1,33,"RJ","C","D","A",1,1,1,1,1,668.9,716.1,597.8,783.5,980,3746.3
160002230028,17,"F",1,3,42,"SC","M","D","A",1,1,1,1,1,689.1,731.8,676.3,760.8,980,3838
160008597539,17,"F",1,3,35,"CE","K","D","A",1,1,1,1,1,678.3,738.1,675,715.2,980,3786.6
160002240342,17,"F",1,3,28,"SE","D","E","A",1,1,1,1,1,583.8,661.7,600.1,605.2,980,3430.8
160002244115,28,"F",1,1,29,"BA","K","D","A",1,1,1,1,1,717.7,692,644.6,713.4,980,3747.7
160002220199,22,"M",0,1,26,"PE","O","D","B",1,1,1,1,1,742,748.6,705.7,789.5,980,3965.8
160002237417,17,"F",1,3,33,"RJ","J","E","A",1,1,1,1,1,661.7,661.2,611.8,775.7,980,3690.4
160002230591,19,"M",3,1,23,"CE","Q","D","A",1,1,1,1,1,737.2,680.9,639.2,835.6,980,3872.9
160002220393,18,"F",1,1,31,"MG","I","D","A",1,1,1,1,1,723.2,666.4,642.6,785.6,980,3797.8
160002261512,17,"F",1,3,28,"SE","H","D","A",1,1,1,1,1,714.3,680.3,681.9,863.8,980,3920.3
160002251245,25,"F",1,1,52,"GO","O","D","A",1,1,1,1,1,531,576.1,602.6,670.3,980,3360
160000483486,18,"M",3,1,31,"MG","H","C","A",1,1,1,1,1,692.4,650.9,598.8,830.9,980,3753
160002251307,18,"M",1,1,33,"RJ","J","D","A",1,1,1,1,1,639.2,739.8,612.4,704.3,980,3675.7
160002258318,19,"F",3,1,51,"MT","G","A","A",1,1,1,1,1,672.2,730,645.7,808.8,980,3836.7
160002261694,20,"F",2,1,33,"RJ","D","D","A",1,1,1,1,1,591.9,680.6,629,721.6,980,3603.1
160002548042,19,"F",1,1,26,"PE","H","D","A",1,1,1,1,1,636.5,657.9,641.1,700.2,980,3615.7
160002532503,18,"F",1,1,23,"CE","L","D","A",1,1,1,1,1,606.1,606.5,548.3,710.5,980,3451.4
160002542885,20,"F",3,1,29,"BA","I","D","A",1,1,1,1,1,576.8,592.8,593.9,658.7,980,3402.2
160002548154,22,"F",1,1,43,"RS","F","A","A",1,1,1,1,1,704.3,709.2,630.5,815,980,3839
160002529148,19,"F",1,1,33,"RJ","O","A","A",1,1,1,1,1,581.8,703.2,659.7,725.1,980,3649.8
160002536121,20,"F",3,1,21,"MA","C","A","A",1,1,1,1,1,437.7,592.6,542.8,462.4,980,3015.5
160002539685,17,"F",1,1,24,"RN","L","D","A",1,1,1,1,1,640.6,628,601.1,762.5,980,3612.2
160002546634,20,"F",1,1,24,"RN","E","E","A",1,1,1,1,1,707.6,638.6,581,703.2,980,3610.4
160002550223,20,"F",3,1,50,"SP","F","D","A",1,1,1,1,1,660.1,633.3,644,779.9,980,3697.3
160002534604,18,"F",1,1,28,"SE","I","D","A",1,1,1,1,1,624.6,664.1,626.8,671.2,980,3566.7
160002533189,19,"M",1,1,41,"MA","L","D","A",1,1,1,1,1,653.9,671.1,612.8,801.4,980,3719.2
160002541945,18,"M",1,1,35,"SP","J","D","A",1,1,1,1,1,721.9,712,668.8,776,980,3858.7
160002037855,18,"F",1,1,31,"MG","G","D","A",1,1,1,1,1,651.2,649.9,575.9,720.3,980,3577.3
160002041311,18,"F",1,1,35,"SP","K","D","A",1,1,1,1,1,699.8,797,688.7,761.4,980,3926.9
160002020951,17,"M",3,3,52,"GO","P","D","A",1,1,1,1,1,687.5,680.6,624.7,793.8,980,3766.6
160002031721,18,"F",1,1,33,"RJ","L","D","A",1,1,1,1,1,707.2,710.8,663,864.4,980,3925.4
160002025018,22,"F",4,1,41,"PR","M","A","A",1,1,1,1,1,663.1,710.4,663.9,732.1,980,3749.5
160002031994,17,"M",1,2,35,"SP","E","A","A",1,1,1,1,1,609.3,647.4,627.7,629.7,980,3494.1
160000313243,18,"F",1,1,43,"RS","I","A","A",1,1,1,1,1,689.2,697.3,696,770,980,3832.5
160000324985,18,"F",1,1,43,"RS","B","A","A",1,1,1,1,1,666.8,680.3,598.9,713.8,980,3639.8
160000331336,18,"F",1,3,33,"RJ","O","D","A",1,1,1,1,1,645.1,706.1,632.4,787.8,980,3751.4
160000313584,18,"F",1,1,33,"RJ","N","D","B",1,1,1,1,1,671,722,647.6,716.6,980,3737.2
160000347841,19,"F",1,1,21,"MA","K","D","A",1,1,1,1,1,580.8,621,632.3,663.1,980,3477.2
160000307518,18,"F",1,1,31,"MG","H","B","A",1,1,1,1,1,561.3,601.2,659.1,473.4,980,3275
160000325744,18,"F",1,1,35,"SP","N","D","A",1,1,1,1,1,636,657.2,608.6,618.9,980,3500.7
160000338866,18,"F",1,1,31,"MG","H","D","A",1,1,1,1,1,604.2,637.4,636.9,587.7,980,3446.2
